festival_name,event_type,first_year,last_year,years_active,unique_film_count,total_screenings,awards_given,nominations_given,mentions_given,distinct_years_with_events,genres_represented,genre_distribution,countries_represented,country_list,country_codes
Encounters Short Film and Animation Festival,festival,2015,2025,11,754,851,3,0,1,10,"Action, Adventure, Animation, Avant-Garde, Biography, Comedy, Crime, Documentary, Drama, Family, Fantasy, History, Horror, LGBTQ+, Music, Musical, Mystery, Romance, Sci-Fi, Short, Silent, Thriller","{""Crime"": 1, ""Drama"": 78, ""Music"": 3, ""Short"": 742, ""Action"": 1, ""Comedy"": 39, ""Family"": 3, ""Horror"": 22, ""LGBTQ+"": 27, ""Sci-Fi"": 11, ""Silent"": 1, ""Fantasy"": 12, ""History"": 2, ""Musical"": 1, ""Mystery"": 1, ""Romance"": 3, ""Thriller"": 5, ""Adventure"": 1, ""Animation"": 330, ""Biography"": 1, ""Avant-Garde"": 35, ""Documentary"": 72}",80,"Afghanistan, Albania, Argentina, Australia, Austria, Bangladesh, Belgium, Bosnia and Herzegovina, Brazil, Bulgaria, Cambodia, Canada, Chile, China, Colombia, Croatia, Cyprus, Czechia, Democratic Republic of the Congo, Denmark, Egypt, Estonia, Faroe Islands, Finland, France, Germany, Ghana, Greece, Hong Kong, Hungary, Iceland, India, Indonesia, Iran, Ireland, Israel, Italy, Japan, Kazakhstan, Kenya, Lebanon, Lithuania, Malaysia, Malta, Mexico, Morocco, Netherlands, Nigeria, Norway, Pakistan, Palestine, Panama, Philippines, Poland, Portugal, Qatar, Republic of Kosovo, Romania, Russia, Serbia, Singapore, Slovakia, Slovenia, Somalia, South Africa, South Korea, Spain, Sri Lanka, Sudan, Sweden, Switzerland, Syrian Arab Republic, Taiwan, Thailand, Togo, Turkey, United Kingdom, United States, Vietnam, Zimbabwe","AF, AL, AR, AT, AU, BA, BD, BE, BG, BR, CA, CD, CH, CL, CN, CO, CY, CZ, DE, DK, EE, EG, ES, FI, FO, FR, GB, GH, GR, HK, HR, HU, ID, IE, IL, IN, IR, IS, IT, JP, KE, KH, KR, KZ, LB, LK, LT, MA, MT, MX, MY, NG, NL, NO, PA, PH, PK, PL, PS, PT, QA, RO, RS, RU, SD, SE, SG, SI, SK, SO, SY, TG, TH, TR, TW, US, VN, XK, ZA, ZW"
Palm Springs International ShortFest,festival,2015,2025,11,142,143,8,0,5,11,"Animation, Comedy, Documentary, Drama, Family, Fantasy, Horror, LGBTQ+, Musical, Sci-Fi, Short, Thriller","{""Drama"": 28, ""Short"": 142, ""Comedy"": 8, ""Family"": 1, ""Horror"": 4, ""LGBTQ+"": 7, ""Sci-Fi"": 1, ""Fantasy"": 3, ""Musical"": 1, ""Thriller"": 1, ""Animation"": 58, ""Documentary"": 7}",53,"Afghanistan, Argentina, Australia, Austria, Belgium, Brazil, Canada, China, Czechia, Democratic Republic of the Congo, Denmark, Egypt, Estonia, Faroe Islands, Finland, France, Germany, Ghana, Greece, Hong Kong, Hungary, Iceland, India, Indonesia, Iran, Ireland, Israel, Italy, Japan, Lebanon, Lithuania, Malaysia, Mexico, Morocco, Netherlands, Nigeria, Norway, Poland, Qatar, Romania, Singapore, Slovakia, Slovenia, South Africa, South Korea, Spain, Sudan, Sweden, Switzerland, Thailand, United Kingdom, United States, Vietnam","AF, AR, AT, AU, BE, BR, CA, CD, CH, CN, CZ, DE, DK, EE, EG, ES, FI, FO, FR, GB, GH, GR, HK, HU, ID, IE, IL, IN, IR, IS, IT, JP, KR, LB, LT, MA, MX, MY, NG, NL, NO, PL, QA, RO, SD, SE, SG, SI, SK, TH, US, VN, ZA"
Tallinn Black Nights Film Festival,festival,2017,2025,9,140,143,1,0,0,9,"Action, Animation, Avant-Garde, Biography, Comedy, Documentary, Drama, Fantasy, History, Horror, LGBTQ+, Music, Musical, Romance, Sci-Fi, Short, Thriller","{""Drama"": 17, ""Music"": 1, ""Short"": 139, ""Action"": 1, ""Comedy"": 7, ""Horror"": 4, ""LGBTQ+"": 6, ""Sci-Fi"": 1, ""Fantasy"": 2, ""History"": 1, ""Musical"": 1, ""Romance"": 1, ""Thriller"": 1, ""Animation"": 93, ""Biography"": 1, ""Avant-Garde"": 6, ""Documentary"": 8}",41,"Austria, Belgium, Brazil, Cambodia, Canada, China, Croatia, Czechia, Denmark, Estonia, Faroe Islands, Finland, France, Germany, Greece, Hong Kong, Hungary, India, Iran, Ireland, Israel, Italy, Japan, Lebanon, Lithuania, Netherlands, Norway, Poland, Portugal, Romania, Russia, Serbia, Singapore, Slovakia, Slovenia, South Korea, Spain, Sweden, Switzerland, United Kingdom, United States","AT, BE, BR, CA, CH, CN, CZ, DE, DK, EE, ES, FI, FO, FR, GB, GR, HK, HR, HU, IE, IL, IN, IR, IT, JP, KH, KR, LB, LT, NL, NO, PL, PT, RO, RS, RU, SE, SG, SI, SK, US"
Annecy International Animation Festival,festival,2015,2025,11,89,96,17,0,0,10,"Animation, Avant-Garde, Comedy, Documentary, Fantasy, LGBTQ+, Romance, Sci-Fi, Short","{""Short"": 86, ""Comedy"": 1, ""LGBTQ+"": 3, ""Sci-Fi"": 1, ""Fantasy"": 1, ""Romance"": 1, ""Animation"": 87, ""Avant-Garde"": 3, ""Documentary"": 4}",35,"Argentina, Australia, Austria, Belgium, Bulgaria, Canada, Colombia, Croatia, Czechia, Finland, France, Germany, Hong Kong, Hungary, India, Indonesia, Ireland, Israel, Italy, Japan, Lithuania, Netherlands, Norway, Poland, Portugal, Romania, Serbia, Singapore, Slovenia, Sweden, Switzerland, Syrian Arab Republic, Turkey, United Kingdom, United States","AR, AT, AU, BE, BG, CA, CH, CO, CZ, DE, FI, FR, GB, HK, HR, HU, ID, IE, IL, IN, IT, JP, LT, NL, NO, PL, PT, RO, RS, SE, SG, SI, SY, TR, US"
Clermont-Ferrand International Short Film Festival,festival,1999,2026,28,85,95,12,0,3,12,"Animation, Avant-Garde, Comedy, Documentary, Drama, Fantasy, Horror, LGBTQ+, Music, Musical, Romance, Sci-Fi, Short, Thriller","{""Drama"": 16, ""Music"": 1, ""Short"": 85, ""Comedy"": 3, ""Horror"": 1, ""LGBTQ+"": 3, ""Sci-Fi"": 1, ""Fantasy"": 3, ""Musical"": 1, ""Romance"": 1, ""Thriller"": 2, ""Animation"": 43, ""Avant-Garde"": 4, ""Documentary"": 8}",41,"Afghanistan, Argentina, Austria, Bangladesh, Belgium, Brazil, Canada, China, Czechia, Democratic Republic of the Congo, Egypt, Estonia, France, Germany, Ghana, Greece, Hungary, Iceland, India, Israel, Italy, Japan, Lebanon, Lithuania, Morocco, Netherlands, Norway, Palestine, Portugal, Qatar, Romania, Russia, Singapore, Slovakia, Slovenia, Somalia, Sudan, Switzerland, Thailand, United Kingdom, United States","AF, AR, AT, BD, BE, BR, CA, CD, CH, CN, CZ, DE, EE, EG, FR, GB, GH, GR, HU, IL, IN, IS, IT, JP, LB, LT, MA, NL, NO, PS, PT, QA, RO, RU, SD, SG, SI, SK, SO, TH, US"
Guanajuato International Film Festival,festival,2015,2025,11,78,79,5,0,6,10,"Animation, Avant-Garde, Comedy, Crime, Documentary, Drama, Horror, LGBTQ+, Music, Romance, Short","{""Crime"": 1, ""Drama"": 6, ""Music"": 1, ""Short"": 76, ""Comedy"": 1, ""Horror"": 1, ""LGBTQ+"": 4, ""Romance"": 1, ""Animation"": 51, ""Avant-Garde"": 3, ""Documentary"": 7}",36,"Austria, Bosnia and Herzegovina, Cambodia, Canada, China, Croatia, Czechia, Denmark, Estonia, Finland, France, Germany, Hong Kong, Hungary, Israel, Italy, Japan, Lebanon, Lithuania, Mexico, Netherlands, Palestine, Philippines, Poland, Portugal, Qatar, Romania, Singapore, Slovakia, Slovenia, Sudan, Switzerland, Taiwan, Thailand, United Kingdom, United States","AT, BA, CA, CH, CN, CZ, DE, DK, EE, FI, FR, GB, HK, HR, HU, IL, IT, JP, KH, LB, LT, MX, NL, PH, PL, PS, PT, QA, RO, SD, SG, SI, SK, TH, TW, US"
Festival du Nouveau Cinéma,festival,2016,2025,10,57,58,3,0,3,9,"Animation, Avant-Garde, Comedy, Documentary, Drama, Fantasy, LGBTQ+, Musical, Romance, Short, Thriller","{""Drama"": 7, ""Short"": 57, ""Comedy"": 1, ""LGBTQ+"": 1, ""Fantasy"": 2, ""Musical"": 1, ""Romance"": 2, ""Thriller"": 1, ""Animation"": 29, ""Avant-Garde"": 7, ""Documentary"": 6}",25,"Austria, Brazil, Cambodia, Canada, China, Colombia, Czechia, Denmark, Finland, France, Germany, Greece, Hong Kong, Italy, Japan, Lithuania, Philippines, Portugal, Qatar, Slovakia, Somalia, Switzerland, Taiwan, Thailand, United Kingdom","AT, BR, CA, CH, CN, CO, CZ, DE, DK, FI, FR, GB, GR, HK, IT, JP, KH, LT, PH, PT, QA, SK, SO, TH, TW"
Helsinki International Film Festival - Love & Anarchy,festival,2015,2025,11,50,52,0,0,0,9,"Action, Animation, Avant-Garde, Comedy, Documentary, Drama, Fantasy, Horror, LGBTQ+, Music, Mystery, Romance, Sci-Fi, Short","{""Drama"": 14, ""Music"": 1, ""Short"": 48, ""Action"": 1, ""Comedy"": 3, ""Horror"": 4, ""LGBTQ+"": 5, ""Sci-Fi"": 1, ""Fantasy"": 2, ""Mystery"": 1, ""Romance"": 1, ""Animation"": 22, ""Avant-Garde"": 4, ""Documentary"": 4}",28,"Australia, Austria, Belgium, Brazil, Canada, Czechia, Estonia, Finland, France, Germany, Greece, Hungary, Iceland, Ireland, Italy, Lebanon, Lithuania, Netherlands, Norway, Portugal, Qatar, Romania, Slovakia, Somalia, Spain, Sweden, United Kingdom, United States","AT, AU, BE, BR, CA, CZ, DE, EE, ES, FI, FR, GB, GR, HU, IE, IS, IT, LB, LT, NL, NO, PT, QA, RO, SE, SK, SO, US"
Athens International Film and Video Festival,festival,2019,2025,7,50,50,1,0,1,6,"Animation, Avant-Garde, Documentary, Drama, History, Horror, LGBTQ+, Short","{""Drama"": 7, ""Short"": 49, ""Horror"": 2, ""LGBTQ+"": 2, ""History"": 1, ""Animation"": 28, ""Avant-Garde"": 3, ""Documentary"": 3}",32,"Australia, Austria, Belgium, Brazil, Canada, China, Colombia, Finland, France, Germany, Greece, Hong Kong, Hungary, India, Indonesia, Iran, Ireland, Israel, Italy, Japan, Poland, Portugal, Qatar, Romania, Singapore, South Korea, Sudan, Taiwan, Thailand, United Kingdom, United States, Vietnam","AT, AU, BE, BR, CA, CN, CO, DE, FI, FR, GB, GR, HK, HU, ID, IE, IL, IN, IR, IT, JP, KR, PL, PT, QA, RO, SD, SG, TH, TW, US, VN"
IndieLisboa International Independent Film Festival,festival,2016,2025,10,50,54,5,0,0,9,"Animation, Avant-Garde, Comedy, Documentary, Drama, Horror, LGBTQ+, Musical, Sci-Fi, Short","{""Drama"": 3, ""Short"": 49, ""Comedy"": 1, ""Horror"": 2, ""LGBTQ+"": 3, ""Sci-Fi"": 1, ""Musical"": 1, ""Animation"": 30, ""Avant-Garde"": 1, ""Documentary"": 1}",22,"Austria, Brazil, Canada, Czechia, Denmark, Estonia, France, Germany, Hungary, Iran, Netherlands, Palestine, Poland, Portugal, Russia, Slovenia, Somalia, Spain, Sweden, Switzerland, United Kingdom, United States","AT, BR, CA, CH, CZ, DE, DK, EE, ES, FR, GB, HU, IR, NL, PL, PS, PT, RU, SE, SI, SO, US"
Krakow Film Festival,festival,2016,2025,10,46,50,0,0,0,9,"Animation, Documentary, Drama, LGBTQ+, Short","{""Drama"": 5, ""Short"": 46, ""LGBTQ+"": 1, ""Animation"": 33, ""Documentary"": 5}",29,"Austria, Canada, Colombia, Czechia, Denmark, Faroe Islands, France, Germany, Greece, Hungary, India, Israel, Italy, Japan, Lithuania, Norway, Poland, Portugal, Romania, Russia, Slovakia, Slovenia, Somalia, South Korea, Sweden, Switzerland, Syrian Arab Republic, United Kingdom, United States","AT, CA, CH, CO, CZ, DE, DK, FO, FR, GB, GR, HU, IL, IN, IT, JP, KR, LT, NO, PL, PT, RO, RU, SE, SI, SK, SO, SY, US"
Internationale Kurzfilmtage Winterthur,festival,2022,2025,4,46,57,0,0,0,4,"Action, Animation, Avant-Garde, Comedy, Documentary, Drama, Fantasy, Horror, LGBTQ+, Music, Musical, Sci-Fi, Short","{""Drama"": 6, ""Music"": 1, ""Short"": 46, ""Action"": 1, ""Comedy"": 2, ""Horror"": 2, ""LGBTQ+"": 6, ""Sci-Fi"": 1, ""Fantasy"": 1, ""Musical"": 1, ""Animation"": 20, ""Avant-Garde"": 4, ""Documentary"": 5}",26,"Argentina, Austria, Brazil, Canada, Colombia, Czechia, Democratic Republic of the Congo, Estonia, Finland, France, Germany, Hong Kong, Hungary, Iran, Lithuania, Nigeria, Philippines, Portugal, Qatar, Romania, Slovakia, Slovenia, Somalia, Sudan, Switzerland, United Kingdom","AR, AT, BR, CA, CD, CH, CO, CZ, DE, EE, FI, FR, GB, HK, HU, IR, LT, NG, PH, PT, QA, RO, SD, SI, SK, SO"
Melbourne International Film Festival,festival,2017,2025,9,44,45,8,0,0,8,"Animation, Avant-Garde, Comedy, Documentary, Drama, Fantasy, Horror, LGBTQ+, Music, Romance, Sci-Fi, Short","{""Drama"": 13, ""Music"": 1, ""Short"": 41, ""Comedy"": 2, ""Horror"": 2, ""LGBTQ+"": 5, ""Sci-Fi"": 1, ""Fantasy"": 2, ""Romance"": 1, ""Animation"": 18, ""Avant-Garde"": 3, ""Documentary"": 3}",31,"Argentina, Australia, Austria, Belgium, Bosnia and Herzegovina, China, Czechia, Denmark, Estonia, Finland, France, Germany, Ghana, Greece, India, Indonesia, Iran, Ireland, Japan, Lebanon, Netherlands, Norway, Philippines, Portugal, Qatar, Singapore, Somalia, Spain, Switzerland, United Kingdom, United States","AR, AT, AU, BA, BE, CH, CN, CZ, DE, DK, EE, ES, FI, FR, GB, GH, GR, ID, IE, IN, IR, JP, LB, NL, NO, PH, PT, QA, SG, SO, US"
BFI London Film Festival,festival,2016,2025,10,43,43,1,0,1,9,"Animation, Avant-Garde, Biography, Comedy, Documentary, Drama, Fantasy, History, Horror, LGBTQ+, Music, Musical, Short","{""Drama"": 6, ""Music"": 1, ""Short"": 42, ""Comedy"": 1, ""Horror"": 2, ""LGBTQ+"": 2, ""Fantasy"": 1, ""History"": 1, ""Musical"": 1, ""Animation"": 10, ""Biography"": 1, ""Avant-Garde"": 4, ""Documentary"": 9}",20,"Austria, Belgium, Brazil, Canada, China, Czechia, Egypt, France, Germany, Ghana, Iran, Ireland, Philippines, Qatar, Slovakia, Spain, Switzerland, Thailand, United Kingdom, United States","AT, BE, BR, CA, CH, CN, CZ, DE, EG, ES, FR, GB, GH, IE, IR, PH, QA, SK, TH, US"
Curtas Vila do Conde International Film Festival,festival,2017,2025,9,42,49,2,0,0,7,"Action, Animation, Avant-Garde, Comedy, Documentary, Drama, Fantasy, Horror, LGBTQ+, Music, Romance, Short, Thriller","{""Drama"": 13, ""Music"": 1, ""Short"": 42, ""Action"": 1, ""Comedy"": 1, ""Horror"": 1, ""LGBTQ+"": 4, ""Fantasy"": 2, ""Romance"": 1, ""Thriller"": 1, ""Animation"": 10, ""Avant-Garde"": 6, ""Documentary"": 6}",25,"Austria, Belgium, Brazil, Colombia, Denmark, Finland, France, Germany, Greece, Iran, Italy, Lebanon, Lithuania, Netherlands, Norway, Palestine, Poland, Portugal, Qatar, Romania, Spain, Switzerland, Thailand, United Kingdom, United States","AT, BE, BR, CH, CO, DE, DK, ES, FI, FR, GB, GR, IR, IT, LB, LT, NL, NO, PL, PS, PT, QA, RO, TH, US"
DOK Leipzig,festival,2015,2025,11,41,45,5,0,0,10,"Animation, Avant-Garde, Documentary, LGBTQ+, Short","{""Short"": 41, ""LGBTQ+"": 1, ""Animation"": 38, ""Avant-Garde"": 3, ""Documentary"": 3}",20,"Belgium, Canada, Czechia, Estonia, France, Germany, Hungary, Italy, Japan, Lithuania, Philippines, Poland, Russia, Singapore, Slovakia, Slovenia, Switzerland, Thailand, United Kingdom, United States","BE, CA, CH, CZ, DE, EE, FR, GB, HU, IT, JP, LT, PH, PL, RU, SG, SI, SK, TH, US"
SXSW Film Festival,festival,2016,2025,10,38,40,10,0,1,8,"Animation, Comedy, Documentary, Drama, Horror, LGBTQ+, Short","{""Drama"": 7, ""Short"": 36, ""Comedy"": 3, ""Horror"": 2, ""LGBTQ+"": 4, ""Animation"": 17, ""Documentary"": 1}",20,"Belgium, Brazil, Canada, Colombia, Czechia, France, Germany, Greece, Hong Kong, Hungary, Ireland, Israel, Japan, Lebanon, Poland, Slovenia, South Africa, Switzerland, United Kingdom, United States","BE, BR, CA, CH, CO, CZ, DE, FR, GB, GR, HK, HU, IE, IL, JP, LB, PL, SI, US, ZA"
Edinburgh International Film Festival,festival,2015,2025,11,38,38,2,0,0,9,"Animation, Avant-Garde, Comedy, Documentary, Drama, Family, Fantasy, Short","{""Drama"": 3, ""Short"": 37, ""Comedy"": 1, ""Family"": 2, ""Fantasy"": 1, ""Animation"": 25, ""Avant-Garde"": 2, ""Documentary"": 5}",16,"Austria, Canada, Croatia, Denmark, Finland, France, Germany, India, Israel, Malaysia, Philippines, Russia, Sweden, Switzerland, Syrian Arab Republic, United Kingdom","AT, CA, CH, DE, DK, FI, FR, GB, HR, IL, IN, MY, PH, RU, SE, SY"
FEST - New Directors / New Films,festival,2020,2025,6,38,38,0,0,0,6,"Animation, Avant-Garde, Comedy, Documentary, Drama, Family, LGBTQ+, Romance, Short","{""Drama"": 8, ""Short"": 38, ""Comedy"": 1, ""Family"": 1, ""LGBTQ+"": 2, ""Romance"": 1, ""Animation"": 17, ""Avant-Garde"": 1, ""Documentary"": 4}",25,"Austria, Belgium, Cambodia, Canada, China, Colombia, Croatia, Estonia, Finland, France, Germany, Greece, Hong Kong, Italy, Japan, Lebanon, Lithuania, Norway, Poland, Qatar, Romania, Singapore, Slovenia, Switzerland, United Kingdom","AT, BE, CA, CH, CN, CO, DE, EE, FI, FR, GB, GR, HK, HR, IT, JP, KH, LB, LT, NO, PL, QA, RO, SG, SI"
Seattle International Film Festival,festival,2019,2025,7,38,38,4,0,0,6,"Animation, Avant-Garde, Comedy, Documentary, Drama, LGBTQ+, Sci-Fi, Short","{""Drama"": 5, ""Short"": 37, ""Comedy"": 2, ""LGBTQ+"": 3, ""Sci-Fi"": 1, ""Animation"": 23, ""Avant-Garde"": 2, ""Documentary"": 2}",28,"Australia, Austria, Belgium, Brazil, Canada, China, Cyprus, Czechia, Democratic Republic of the Congo, Estonia, France, Germany, Greece, Iceland, Ireland, Italy, Japan, Lithuania, Malaysia, Portugal, Qatar, Slovakia, Slovenia, Sudan, Sweden, Switzerland, United Kingdom, United States","AT, AU, BE, BR, CA, CD, CH, CN, CY, CZ, DE, EE, FR, GB, GR, IE, IS, IT, JP, LT, MY, PT, QA, SD, SE, SI, SK, US"
Bilbao International Festival of Documentary and Short Films,festival,2015,2025,11,36,37,8,0,0,9,"Animation, Documentary, Drama, LGBTQ+, Short","{""Drama"": 3, ""Short"": 36, ""LGBTQ+"": 1, ""Animation"": 24, ""Documentary"": 3}",22,"Austria, Belgium, Canada, Colombia, Czechia, France, Germany, Iran, Japan, Malaysia, Netherlands, Poland, Portugal, Qatar, Romania, Slovakia, Slovenia, Spain, Sweden, Switzerland, United Kingdom, United States","AT, BE, CA, CH, CO, CZ, DE, ES, FR, GB, IR, JP, MY, NL, PL, PT, QA, RO, SE, SI, SK, US"
Dokufest International Documentary and Short Film Festival,festival,2022,2025,4,35,35,1,0,0,4,"Action, Animation, Avant-Garde, Documentary, Drama, LGBTQ+, Short","{""Drama"": 3, ""Short"": 35, ""Action"": 1, ""LGBTQ+"": 2, ""Animation"": 10, ""Avant-Garde"": 7, ""Documentary"": 8}",20,"Austria, Canada, China, Colombia, Croatia, Estonia, Finland, France, Germany, Hong Kong, Iran, Lebanon, Lithuania, Malaysia, Qatar, Slovenia, Somalia, Sweden, Switzerland, United Kingdom","AT, CA, CH, CN, CO, DE, EE, FI, FR, GB, HK, HR, IR, LB, LT, MY, QA, SE, SI, SO"
Cannes Film Festival,festival,2018,2025,8,33,34,6,4,0,8,"Animation, Avant-Garde, Comedy, Documentary, Drama, Horror, LGBTQ+, Music, Short","{""Drama"": 13, ""Music"": 1, ""Short"": 33, ""Comedy"": 2, ""Horror"": 1, ""LGBTQ+"": 3, ""Animation"": 9, ""Avant-Garde"": 2, ""Documentary"": 2}",23,"Austria, Belgium, Brazil, Canada, China, Denmark, Faroe Islands, Finland, France, Greece, Hong Kong, Iran, Italy, Japan, Lithuania, Netherlands, Poland, Qatar, South Korea, Switzerland, United Kingdom, United States, Vietnam","AT, BE, BR, CA, CH, CN, DK, FI, FO, FR, GB, GR, HK, IR, IT, JP, KR, LT, NL, PL, QA, US, VN"
Milwaukee International Film Festival,festival,2019,2024,6,32,32,1,0,2,5,"Animation, Comedy, Documentary, Drama, Fantasy, Horror, LGBTQ+, Short","{""Drama"": 5, ""Short"": 32, ""Comedy"": 3, ""Horror"": 2, ""LGBTQ+"": 6, ""Fantasy"": 1, ""Animation"": 17, ""Documentary"": 2}",22,"Brazil, Canada, China, Colombia, Czechia, Estonia, France, Germany, Japan, Lebanon, Lithuania, Netherlands, Norway, Portugal, Qatar, Slovakia, Slovenia, Sudan, Sweden, Switzerland, United Kingdom, United States","BR, CA, CH, CN, CO, CZ, DE, EE, FR, GB, JP, LB, LT, NL, NO, PT, QA, SD, SE, SI, SK, US"
AFI Fest,festival,2017,2025,9,31,32,6,0,2,9,"Animation, Biography, Comedy, Documentary, Drama, Fantasy, History, Horror, LGBTQ+, Mystery, Short","{""Drama"": 8, ""Short"": 29, ""Comedy"": 1, ""Horror"": 2, ""LGBTQ+"": 3, ""Fantasy"": 1, ""History"": 1, ""Mystery"": 1, ""Animation"": 14, ""Biography"": 1, ""Documentary"": 2}",25,"Belgium, Brazil, Canada, China, Czechia, Estonia, Finland, France, Germany, Greece, Iran, Ireland, Italy, Japan, Philippines, Poland, Portugal, Qatar, Slovakia, Slovenia, South Africa, Spain, Sudan, United Kingdom, United States","BE, BR, CA, CN, CZ, DE, EE, ES, FI, FR, GB, GR, IE, IR, IT, JP, PH, PL, PT, QA, SD, SI, SK, US, ZA"
São Paulo International Short Film Festival – Curta Kinoforum,festival,2018,2025,8,31,32,0,0,0,8,"Animation, Avant-Garde, Documentary, Drama, LGBTQ+, Musical, Sci-Fi, Short","{""Drama"": 7, ""Short"": 31, ""LGBTQ+"": 2, ""Sci-Fi"": 1, ""Musical"": 1, ""Animation"": 12, ""Avant-Garde"": 4, ""Documentary"": 3}",25,"Austria, Belgium, Brazil, Canada, Colombia, Democratic Republic of the Congo, Estonia, Finland, France, Germany, Ghana, Greece, Hong Kong, Hungary, Iceland, Lebanon, Morocco, Poland, Portugal, Romania, Singapore, Spain, Switzerland, United Kingdom, United States","AT, BE, BR, CA, CD, CH, CO, DE, EE, ES, FI, FR, GB, GH, GR, HK, HU, IS, LB, MA, PL, PT, RO, SG, US"
Ann Arbor Film Festival,festival,2017,2025,9,31,31,6,0,0,8,"Animation, Avant-Garde, Documentary, Drama, LGBTQ+, Short","{""Drama"": 1, ""Short"": 31, ""LGBTQ+"": 1, ""Animation"": 23, ""Avant-Garde"": 4, ""Documentary"": 5}",19,"Austria, Belgium, Canada, China, France, Germany, Hong Kong, Iran, Israel, Italy, Japan, Malaysia, Poland, Portugal, Spain, Sweden, Switzerland, United Kingdom, United States","AT, BE, CA, CH, CN, DE, ES, FR, GB, HK, IL, IR, IT, JP, MY, PL, PT, SE, US"
Toronto International Film Festival,festival,2016,2025,10,29,29,1,0,1,9,"Animation, Avant-Garde, Comedy, Documentary, Drama, LGBTQ+, Short","{""Drama"": 4, ""Short"": 29, ""Comedy"": 1, ""LGBTQ+"": 2, ""Animation"": 12, ""Avant-Garde"": 5, ""Documentary"": 3}",16,"Austria, Brazil, Canada, China, Czechia, Finland, France, Germany, Iran, Japan, Netherlands, Portugal, Slovakia, Spain, United Kingdom, United States","AT, BR, CA, CN, CZ, DE, ES, FI, FR, GB, IR, JP, NL, PT, SK, US"
Vancouver International Film Festival,festival,2018,2025,8,29,29,0,0,1,8,"Animation, Avant-Garde, Biography, Documentary, Drama, History, Horror, LGBTQ+, Musical, Mystery, Short","{""Drama"": 4, ""Short"": 27, ""Horror"": 1, ""LGBTQ+"": 1, ""History"": 1, ""Musical"": 1, ""Mystery"": 1, ""Animation"": 11, ""Biography"": 1, ""Avant-Garde"": 2, ""Documentary"": 1}",18,"Austria, Brazil, Canada, France, Germany, India, Iran, Ireland, Israel, Philippines, Qatar, Slovenia, South Korea, Sudan, Sweden, United Kingdom, United States, Vietnam","AT, BR, CA, DE, FR, GB, IE, IL, IN, IR, KR, PH, QA, SD, SE, SI, US, VN"
Solothurn Film Festival,festival,2015,2026,12,28,31,0,0,0,11,"Animation, Avant-Garde, Documentary, Drama, LGBTQ+, Short","{""Drama"": 1, ""Short"": 28, ""LGBTQ+"": 3, ""Animation"": 21, ""Avant-Garde"": 1, ""Documentary"": 3}",6,"Austria, Belgium, Colombia, Republic of Kosovo, Switzerland, United Kingdom","AT, BE, CH, CO, GB, XK"
Sundance Film Festival,festival,2017,2025,9,28,28,8,0,0,8,"Animation, Documentary, Drama, Horror, LGBTQ+, Sci-Fi, Short","{""Drama"": 2, ""Short"": 27, ""Horror"": 1, ""LGBTQ+"": 2, ""Sci-Fi"": 1, ""Animation"": 15, ""Documentary"": 3}",22,"Canada, China, Czechia, Democratic Republic of the Congo, France, Germany, Hong Kong, India, Iran, Japan, Lebanon, Lithuania, Malaysia, Morocco, Philippines, Poland, Portugal, Slovakia, Sweden, Switzerland, United Kingdom, United States","CA, CD, CH, CN, CZ, DE, FR, GB, HK, IN, IR, JP, LB, LT, MA, MY, PH, PL, PT, SE, SK, US"
Oberhausen International Short Film Festival,festival,2016,2025,10,28,28,0,0,2,8,"Animation, Avant-Garde, Documentary, Drama, Horror, LGBTQ+, Short","{""Drama"": 4, ""Short"": 28, ""Horror"": 1, ""LGBTQ+"": 2, ""Animation"": 10, ""Avant-Garde"": 3, ""Documentary"": 6}",18,"Austria, China, Finland, France, Germany, Greece, Ireland, Japan, Lithuania, Portugal, Qatar, South Africa, Sudan, Sweden, Switzerland, Taiwan, United Kingdom, United States","AT, CH, CN, DE, FI, FR, GB, GR, IE, JP, LT, PT, QA, SD, SE, TW, US, ZA"
Reykjavik International Film Festival,festival,2016,2024,9,28,28,0,0,0,7,"Animation, Comedy, Documentary, Drama, Horror, LGBTQ+, Musical, Short","{""Drama"": 7, ""Short"": 28, ""Comedy"": 3, ""Horror"": 1, ""LGBTQ+"": 1, ""Musical"": 1, ""Animation"": 7, ""Documentary"": 1}",21,"Belgium, Brazil, Colombia, Denmark, Faroe Islands, Finland, France, Germany, Greece, Iran, Japan, Lithuania, Netherlands, Norway, Philippines, Portugal, Qatar, Romania, Spain, Switzerland, United Kingdom","BE, BR, CH, CO, DE, DK, ES, FI, FO, FR, GB, GR, IR, JP, LT, NL, NO, PH, PT, QA, RO"
Locarno International Film Festival,festival,1998,2025,28,28,28,3,0,1,10,"Animation, Avant-Garde, Documentary, Drama, Fantasy, LGBTQ+, Musical, Romance, Sci-Fi, Short, Thriller","{""Drama"": 5, ""Short"": 28, ""LGBTQ+"": 3, ""Sci-Fi"": 1, ""Fantasy"": 2, ""Musical"": 1, ""Romance"": 1, ""Thriller"": 1, ""Animation"": 10, ""Avant-Garde"": 2, ""Documentary"": 1}",25,"Austria, Belgium, Brazil, Colombia, Czechia, Democratic Republic of the Congo, Estonia, Finland, Germany, Iran, Japan, Lithuania, Netherlands, Palestine, Republic of Kosovo, Singapore, Slovakia, Slovenia, South Africa, South Korea, Switzerland, Thailand, United Kingdom, United States, Vietnam","AT, BE, BR, CD, CH, CO, CZ, DE, EE, FI, GB, IR, JP, KR, LT, NL, PS, SG, SI, SK, TH, US, VN, XK, ZA"
Sarajevo Film Festival,festival,2016,2025,10,27,27,1,0,0,8,"Animation, Documentary, Drama, LGBTQ+, Short","{""Drama"": 7, ""Short"": 24, ""LGBTQ+"": 1, ""Animation"": 11, ""Documentary"": 6}",25,"Austria, Belgium, Bosnia and Herzegovina, Bulgaria, Croatia, Czechia, Denmark, Finland, France, Germany, Greece, Hungary, Italy, Lebanon, Lithuania, Netherlands, Poland, Qatar, Romania, Serbia, Slovakia, Slovenia, Sudan, Switzerland, United Kingdom","AT, BA, BE, BG, CH, CZ, DE, DK, FI, FR, GB, GR, HR, HU, IT, LB, LT, NL, PL, QA, RO, RS, SD, SI, SK"
Warsaw International Film Festival,festival,2014,2025,12,27,27,1,0,0,10,"Animation, Documentary, Drama, Short","{""Drama"": 2, ""Short"": 27, ""Animation"": 18, ""Documentary"": 4}",10,"Belgium, Canada, Denmark, France, Germany, Hungary, Poland, Switzerland, United Kingdom, United States","BE, CA, CH, DE, DK, FR, GB, HU, PL, US"
Calgary International Film Festival,festival,2015,2025,11,27,27,3,0,0,9,"Animation, Comedy, Documentary, Drama, LGBTQ+, Sci-Fi, Short","{""Drama"": 2, ""Short"": 27, ""Comedy"": 4, ""LGBTQ+"": 1, ""Sci-Fi"": 1, ""Animation"": 15, ""Documentary"": 1}",18,"Argentina, Belgium, Canada, Estonia, France, Germany, Ghana, Greece, Hong Kong, India, Ireland, Malaysia, Slovenia, Spain, Sweden, Switzerland, United Kingdom, United States","AR, BE, CA, CH, DE, EE, ES, FR, GB, GH, GR, HK, IE, IN, MY, SE, SI, US"
Chicago International Film Festival,festival,2018,2025,8,27,27,4,0,1,7,"Animation, Avant-Garde, Biography, Drama, Fantasy, History, Horror, LGBTQ+, Mystery, Short","{""Drama"": 5, ""Short"": 25, ""Horror"": 2, ""LGBTQ+"": 2, ""Fantasy"": 1, ""History"": 1, ""Mystery"": 1, ""Animation"": 11, ""Biography"": 1, ""Avant-Garde"": 2}",22,"Canada, China, Colombia, Finland, France, Germany, Hong Kong, Iran, Ireland, Lithuania, Nigeria, Philippines, Poland, Portugal, Qatar, Singapore, South Africa, Spain, Switzerland, Thailand, United Kingdom, United States","CA, CH, CN, CO, DE, ES, FI, FR, GB, HK, IE, IR, LT, NG, PH, PL, PT, QA, SG, TH, US, ZA"
Kurzfilm Festival Hamburg,festival,2023,2025,3,27,32,0,0,0,3,"Animation, Avant-Garde, Documentary, Drama, Fantasy, Horror, LGBTQ+, Short","{""Drama"": 2, ""Short"": 27, ""Horror"": 1, ""LGBTQ+"": 5, ""Fantasy"": 1, ""Animation"": 13, ""Avant-Garde"": 2, ""Documentary"": 2}",17,"Austria, Colombia, France, Germany, Hungary, Iran, Japan, Lebanon, Norway, Portugal, Qatar, Romania, Singapore, Switzerland, Syrian Arab Republic, United Kingdom, United States","AT, CH, CO, DE, FR, GB, HU, IR, JP, LB, NO, PT, QA, RO, SG, SY, US"
International Film Festival Rotterdam,festival,2019,2026,8,26,27,3,0,0,8,"Animation, Avant-Garde, Comedy, Documentary, Drama, Horror, LGBTQ+, Short","{""Drama"": 5, ""Short"": 25, ""Comedy"": 1, ""Horror"": 1, ""LGBTQ+"": 2, ""Animation"": 7, ""Avant-Garde"": 6, ""Documentary"": 3}",25,"Austria, Belgium, Bosnia and Herzegovina, Brazil, Canada, Croatia, Denmark, Finland, France, Germany, Greece, Hong Kong, Iran, Lebanon, Netherlands, Palestine, Portugal, Singapore, Slovenia, Sri Lanka, Switzerland, Thailand, United Kingdom, United States, Vietnam","AT, BA, BE, BR, CA, CH, DE, DK, FI, FR, GB, GR, HK, HR, IR, LB, LK, NL, PS, PT, SG, SI, TH, US, VN"
Ghent Film Festival,festival,2018,2025,8,26,27,0,0,0,8,"Animation, Avant-Garde, Biography, Documentary, Drama, Fantasy, History, LGBTQ+, Musical, Short","{""Drama"": 9, ""Short"": 24, ""LGBTQ+"": 2, ""Fantasy"": 1, ""History"": 1, ""Musical"": 1, ""Animation"": 6, ""Biography"": 1, ""Avant-Garde"": 3, ""Documentary"": 4}",22,"Austria, Belgium, Bosnia and Herzegovina, Brazil, Canada, China, Czechia, France, Germany, Ghana, Greece, Iran, Ireland, Italy, Lithuania, Netherlands, Portugal, Qatar, Slovakia, Spain, United Kingdom, United States","AT, BA, BE, BR, CA, CN, CZ, DE, ES, FR, GB, GH, GR, IE, IR, IT, LT, NL, PT, QA, SK, US"
Sitges - Catalonian International Film Festival,festival,2015,2025,11,25,25,1,0,0,9,"Animation, Comedy, Drama, Fantasy, Horror, LGBTQ+, Romance, Sci-Fi, Short, Thriller","{""Drama"": 1, ""Short"": 24, ""Comedy"": 3, ""Horror"": 8, ""LGBTQ+"": 1, ""Sci-Fi"": 2, ""Fantasy"": 2, ""Romance"": 1, ""Thriller"": 1, ""Animation"": 13}",18,"Australia, Belgium, China, Croatia, Czechia, Finland, France, Germany, Greece, Hungary, Ireland, Norway, Romania, Slovenia, Sweden, Switzerland, United Kingdom, United States","AU, BE, CH, CN, CZ, DE, FI, FR, GB, GR, HR, HU, IE, NO, RO, SE, SI, US"
Fantasia Film Festival,festival,2019,2025,7,25,26,2,0,0,6,"Animation, Avant-Garde, Comedy, Documentary, Drama, Fantasy, Horror, LGBTQ+, Music, Mystery, Sci-Fi, Short","{""Drama"": 2, ""Music"": 1, ""Short"": 23, ""Comedy"": 4, ""Horror"": 5, ""LGBTQ+"": 1, ""Sci-Fi"": 1, ""Fantasy"": 2, ""Mystery"": 1, ""Animation"": 12, ""Avant-Garde"": 2, ""Documentary"": 1}",16,"Australia, Canada, China, Finland, France, India, Japan, Norway, Philippines, Qatar, South Korea, Spain, Sudan, Sweden, United Kingdom, United States","AU, CA, CN, ES, FI, FR, GB, IN, JP, KR, NO, PH, QA, SD, SE, US"
Hong Kong International Film Festival,festival,2016,2025,10,25,25,0,0,0,8,"Animation, Avant-Garde, Documentary, Drama, Short","{""Drama"": 2, ""Short"": 24, ""Animation"": 21, ""Avant-Garde"": 1, ""Documentary"": 2}",21,"Austria, Belgium, Canada, China, Croatia, Czechia, France, Germany, Hungary, Iran, Japan, Poland, Portugal, Qatar, Romania, Slovakia, Slovenia, Spain, Switzerland, United Kingdom, United States","AT, BE, CA, CH, CN, CZ, DE, ES, FR, GB, HR, HU, IR, JP, PL, PT, QA, RO, SI, SK, US"
Berlin International Film Festival,festival,2016,2025,10,24,24,5,0,2,9,"Animation, Avant-Garde, Comedy, Documentary, Drama, Fantasy, Horror, LGBTQ+, Mystery, Romance, Sci-Fi, Short","{""Drama"": 3, ""Short"": 21, ""Comedy"": 1, ""Horror"": 1, ""LGBTQ+"": 1, ""Sci-Fi"": 1, ""Fantasy"": 1, ""Mystery"": 1, ""Romance"": 1, ""Animation"": 9, ""Avant-Garde"": 2, ""Documentary"": 2}",19,"Australia, Austria, Belgium, Canada, Finland, France, Germany, Lithuania, Nigeria, Norway, Philippines, Poland, Somalia, Spain, Switzerland, Taiwan, Togo, United Kingdom, United States","AT, AU, BE, CA, CH, DE, ES, FI, FR, GB, LT, NG, NO, PH, PL, SO, TG, TW, US"
Valladolid International Film Festival,festival,2015,2024,10,22,24,6,0,2,6,"Animation, Avant-Garde, Documentary, Drama, LGBTQ+, Short","{""Drama"": 4, ""Short"": 22, ""LGBTQ+"": 1, ""Animation"": 12, ""Avant-Garde"": 2, ""Documentary"": 2}",14,"Austria, Canada, Denmark, France, Germany, Italy, Lebanon, Lithuania, Portugal, South Korea, Spain, Switzerland, United Kingdom, Vietnam","AT, CA, CH, DE, DK, ES, FR, GB, IT, KR, LB, LT, PT, VN"
Raindance Film Festival,festival,2019,2025,7,22,22,4,0,0,7,"Animation, Comedy, Documentary, Drama, Horror, LGBTQ+, Romance, Short","{""Drama"": 6, ""Short"": 21, ""Comedy"": 1, ""Horror"": 1, ""LGBTQ+"": 2, ""Romance"": 1, ""Animation"": 6, ""Documentary"": 3}",17,"Cambodia, Canada, Cyprus, France, Germany, Greece, Hong Kong, India, Israel, Netherlands, Portugal, Qatar, Russia, Sudan, Syrian Arab Republic, United Kingdom, United States","CA, CY, DE, FR, GB, GR, HK, IL, IN, KH, NL, PT, QA, RU, SD, SY, US"
Ottawa International Animation Festival,festival,2017,2025,9,20,20,5,0,1,6,"Animation, Avant-Garde, Documentary, LGBTQ+, Short","{""Short"": 20, ""LGBTQ+"": 1, ""Animation"": 19, ""Avant-Garde"": 1, ""Documentary"": 1}",14,"Canada, Czechia, Estonia, Finland, France, Germany, Hungary, Italy, Japan, Portugal, Romania, Slovenia, Switzerland, United Kingdom","CA, CH, CZ, DE, EE, FI, FR, GB, HU, IT, JP, PT, RO, SI"
Beijing International Short Film Festival,festival,2019,2025,7,19,19,2,0,0,7,"Action, Animation, Avant-Garde, Documentary, Drama, Fantasy, LGBTQ+, Romance, Short, Thriller","{""Drama"": 2, ""Short"": 19, ""Action"": 1, ""LGBTQ+"": 1, ""Fantasy"": 1, ""Romance"": 1, ""Thriller"": 1, ""Animation"": 6, ""Avant-Garde"": 6, ""Documentary"": 3}",14,"Austria, Canada, China, Finland, France, Germany, Italy, Japan, Portugal, Romania, Singapore, Thailand, United Kingdom, Vietnam","AT, CA, CN, DE, FI, FR, GB, IT, JP, PT, RO, SG, TH, VN"
Curtacinema - Rio de Janeiro International Short Film Festival,festival,2015,2025,11,19,21,5,0,0,9,"Animation, Comedy, Documentary, Drama, Fantasy, LGBTQ+, Musical, Romance, Short, Thriller","{""Drama"": 7, ""Short"": 19, ""Comedy"": 1, ""LGBTQ+"": 3, ""Fantasy"": 1, ""Musical"": 1, ""Romance"": 1, ""Thriller"": 1, ""Animation"": 7, ""Documentary"": 1}",18,"Austria, Brazil, Colombia, Denmark, France, Germany, Indonesia, Iran, Israel, Japan, Lebanon, Russia, South Korea, Switzerland, Thailand, United Kingdom, United States, Vietnam","AT, BR, CH, CO, DE, DK, FR, GB, ID, IL, IR, JP, KR, LB, RU, TH, US, VN"
