production_country,production_country_code,film_count,total_screenings,festivals_reached,avg_screenings_per_film,avg_festivals_per_film,total_awards_won,total_nominations,first_screening_year,last_screening_year,top_5_festivals
United Kingdom,GB,297,1221,233,4.1,0.8,114,95,2015,2026,Encounters Short Film and Animation Festival; Tallinn Black Nights Film Festival; Edinburgh International Film Festival; Palm Springs International ShortFest; BFI London Film Festival
France,FR,66,704,184,10.7,2.8,57,6,2015,2026,Encounters Short Film and Animation Festival; Clermont-Ferrand International Short Film Festival; Tallinn Black Nights Film Festival; Palm Springs International ShortFest; Annecy International Animation Festival
United States,US,59,305,114,5.2,1.9,18,1,2016,2025,Encounters Short Film and Animation Festival; Palm Springs International ShortFest; SXSW Film Festival; Guanajuato International Film Festival; Chicago International Film Festival
Germany,DE,56,400,117,7.1,2.1,17,1,2016,2026,Encounters Short Film and Animation Festival; Tallinn Black Nights Film Festival; DOK Leipzig; Annecy International Animation Festival; Guanajuato International Film Festival
Switzerland,CH,35,277,97,7.9,2.8,4,2,1998,2026,Encounters Short Film and Animation Festival; Solothurn Film Festival; Annecy International Animation Festival; Locarno International Film Festival; Clermont-Ferrand International Short Film Festival
Canada,CA,26,204,84,7.8,3.2,25,11,2016,2025,Encounters Short Film and Animation Festival; Festival du Nouveau Cinéma; Annecy International Animation Festival; Palm Springs International ShortFest; Tallinn Black Nights Film Festival
Belgium,BE,21,142,70,6.8,3.3,13,3,1998,2025,Encounters Short Film and Animation Festival; Clermont-Ferrand International Short Film Festival; Palm Springs International ShortFest; Tallinn Black Nights Film Festival; Ghent Film Festival
Poland,PL,18,92,34,5.1,1.9,2,1,2015,2025,Encounters Short Film and Animation Festival; Krakow Film Festival; Warsaw International Film Festival; Tallinn Black Nights Film Festival; Annecy International Animation Festival
Norway,NO,16,59,29,3.7,1.8,2,1,2016,2026,Encounters Short Film and Animation Festival; Bergen International Film Festival; Reykjavik International Film Festival; Tromsø International Film Festival; Annecy International Animation Festival
China,CN,15,74,43,4.9,2.9,1,0,2019,2025,Encounters Short Film and Animation Festival; Fantasia Film Festival; Palm Springs International ShortFest; Athens International Film and Video Festival; FIRST International Film Festival Xining
Ireland,IE,14,194,76,13.9,5.4,56,64,2015,2026,Encounters Short Film and Animation Festival; Irish Film and Television Awards; SXSW Film Festival; Galway Film Fleadh; Chicago International Film Festival
Greece,GR,13,95,53,7.3,4.1,10,0,2016,2025,Encounters Short Film and Animation Festival; Athens International Film Festival; Thessaloniki Film Festival; Palm Springs International ShortFest; Festival du Nouveau Cinéma
Austria,AT,12,138,70,11.5,5.8,8,2,2019,2026,Encounters Short Film and Animation Festival; Diagonale: Festival of Austrian Film; Festival du Nouveau Cinéma; Dokufest International Documentary and Short Film Festival; Filmfestival Max Ophüls Preis
Finland,FI,12,74,43,6.2,3.6,2,0,2018,2025,Encounters Short Film and Animation Festival; Helsinki International Film Festival - Love & Anarchy; Palm Springs International ShortFest; Nordisk Panorama; Tallinn Black Nights Film Festival
Netherlands,NL,11,58,40,5.3,3.6,4,0,2015,2025,Encounters Short Film and Animation Festival; Palm Springs International ShortFest; Bilbao International Festival of Documentary and Short Films; Annecy International Animation Festival; Raindance Film Festival
Italy,IT,10,73,51,7.3,5.1,5,3,2015,2025,Encounters Short Film and Animation Festival; Palm Springs International ShortFest; Ann Arbor Film Festival; Annecy International Animation Festival; DOK Leipzig
Sweden,SE,10,57,40,5.7,4.0,1,1,2016,2025,Encounters Short Film and Animation Festival; Palm Springs International ShortFest; IndieLisboa International Independent Film Festival; Göteborg Film Festival; Helsinki International Film Festival - Love & Anarchy
Australia,AU,10,58,41,5.8,4.1,4,0,2018,2026,Encounters Short Film and Animation Festival; Sydney Film Festival; Melbourne International Film Festival; Queer Lisboa; New Zealand International Film Festival
Portugal,PT,9,107,63,11.9,7.0,6,3,2019,2025,Encounters Short Film and Animation Festival; Annecy International Animation Festival; Curtas Vila do Conde International Film Festival; IndieLisboa International Independent Film Festival; Internationale Kurzfilmtage Winterthur
Japan,JP,9,69,40,7.7,4.4,3,0,2019,2025,Encounters Short Film and Animation Festival; Annecy International Animation Festival; Bilbao International Festival of Documentary and Short Films; Festival du Nouveau Cinéma; Guanajuato International Film Festival
Lithuania,LT,8,75,44,9.4,5.5,2,2,2019,2025,Encounters Short Film and Animation Festival; Vilnius International Film Festival (Kino Pavasaris); Palm Springs International ShortFest; Clermont-Ferrand International Short Film Festival; Helsinki International Film Festival - Love & Anarchy
Brazil,BR,8,106,73,13.3,9.1,16,0,2018,2025,Encounters Short Film and Animation Festival; Rio de Janeiro International Film Festival; Curtacinema - Rio de Janeiro International Short Film Festival; IndieLisboa International Independent Film Festival; Tallinn Black Nights Film Festival
Czechia,CZ,8,96,58,12.0,7.3,18,2,2019,2026,Encounters Short Film and Animation Festival; Palm Springs International ShortFest; Bilbao International Festival of Documentary and Short Films; Annecy International Animation Festival; Sundance Film Festival
Spain,ES,7,52,36,7.4,5.1,4,1,2015,2025,Encounters Short Film and Animation Festival; Valladolid International Film Festival; Berlin International Film Festival; Buenos Aires International Festival of Independent Cinema; Ghent Film Festival
Hong Kong,HK,6,48,37,8.0,6.2,4,0,2019,2025,Encounters Short Film and Animation Festival; Palm Springs International ShortFest; Cannes Film Festival; Guanajuato International Film Festival; Tallinn Black Nights Film Festival
Denmark,DK,6,39,28,6.5,4.7,1,1,2019,2025,Encounters Short Film and Animation Festival; Tallinn Black Nights Film Festival; Krakow Film Festival; Guanajuato International Film Festival; International Film Festival Rotterdam
Hungary,HU,6,50,31,8.3,5.2,3,0,2019,2025,Encounters Short Film and Animation Festival; Tallinn Black Nights Film Festival; Athens International Film and Video Festival; Clermont-Ferrand International Short Film Festival; Annecy International Animation Festival
Iran,IR,6,95,59,15.8,9.8,13,2,2019,2026,Encounters Short Film and Animation Festival; Dokufest International Documentary and Short Film Festival; Athens International Film and Video Festival; Cinéma du Réel; Las Palmas Film Festival
Qatar,QA,5,84,61,16.8,12.2,5,2,2020,2025,Encounters Short Film and Animation Festival; Internationale Kurzfilmtage Winterthur; Curtas Vila do Conde International Film Festival; Clermont-Ferrand International Short Film Festival; Palm Springs International ShortFest
Taiwan,TW,5,17,10,3.4,2.0,0,0,2019,2022,Encounters Short Film and Animation Festival; Guanajuato International Film Festival; Festival du Nouveau Cinéma; Golden Horse Film Festival; Hot Docs Canadian International Documentary Festival
Russia,RU,5,28,23,5.6,4.6,1,0,2019,2024,Encounters Short Film and Animation Festival; IndieLisboa International Independent Film Festival; Bogoshorts - Bogota Short Film Festival; Curtacinema - Rio de Janeiro International Short Film Festival; Clermont-Ferrand International Short Film Festival
Estonia,EE,5,44,30,8.8,6.0,4,0,2020,2025,Encounters Short Film and Animation Festival; Tallinn Black Nights Film Festival; Palm Springs International ShortFest; Helsinki International Film Festival - Love & Anarchy; Dokufest International Documentary and Short Film Festival
Singapore,SG,5,44,34,8.8,6.8,1,0,2021,2026,Encounters Short Film and Animation Festival; Athens International Film and Video Festival; 25FPS Festival; International Film Festival Rotterdam; Singapore International Film Festival
Israel,IL,4,22,17,5.5,4.3,4,1,2016,2022,Encounters Short Film and Animation Festival; Annecy International Animation Festival; Athens International Film and Video Festival; Clermont-Ferrand International Short Film Festival; Ann Arbor Film Festival
Ghana,GH,4,16,12,4.0,3.0,3,0,2019,2021,Encounters Short Film and Animation Festival; Clermont-Ferrand International Short Film Festival; Calgary International Film Festival; Fribourg International Film Festival; BFI London Film Festival
Croatia,HR,4,18,15,4.5,3.8,1,0,2019,2022,Encounters Short Film and Animation Festival; Dokufest International Documentary and Short Film Festival; Edinburgh International Film Festival; Annecy International Animation Festival; 25FPS Festival
Romania,RO,4,40,29,10.0,7.3,7,0,2018,2025,Encounters Short Film and Animation Festival; Transilvania International Film Festival; Tallinn Black Nights Film Festival; Athens International Film and Video Festival; Palm Springs International ShortFest
Turkey,TR,3,7,5,2.3,1.7,0,0,2019,2023,Encounters Short Film and Animation Festival; !f Istanbul International Independent Film Festival; Annecy International Animation Festival; Antalya Golden Orange Film Festival; Festival Angaelica
Lebanon,LB,3,47,40,15.7,13.3,5,0,2019,2025,Encounters Short Film and Animation Festival; Melbourne International Film Festival; International Film Festival Rotterdam; Guanajuato International Film Festival; Curtacinema - Rio de Janeiro International Short Film Festival
Colombia,CO,3,45,38,15.0,12.7,2,1,2019,2025,Encounters Short Film and Animation Festival; Internationale Kurzfilmtage Winterthur; Bilbao International Festival of Documentary and Short Films; Festival du Nouveau Cinéma; BFI Flare: London LGBTIQ+ Film Festival
Thailand,TH,3,30,23,10.0,7.7,1,0,2020,2026,Encounters Short Film and Animation Festival; Locarno International Film Festival; Clermont-Ferrand International Short Film Festival; Festival du Nouveau Cinéma; Singapore International Film Festival
South Africa,ZA,3,11,9,3.7,3.0,1,0,2019,2022,Encounters Short Film and Animation Festival; Chicago International Film Festival; Durban International Film Festival; Locarno International Film Festival; New York Film Festival
South Korea,KR,3,23,20,7.7,6.7,2,0,2017,2025,Encounters Short Film and Animation Festival; Palm Springs International ShortFest; Athens International Film and Video Festival; Cannes Film Festival; Busan International Film Festival
India,IN,3,30,22,10.0,7.3,6,0,2020,2025,Encounters Short Film and Animation Festival; Palm Springs International ShortFest; Calgary International Film Festival; Clermont-Ferrand International Short Film Festival; Tallinn Black Nights Film Festival
Democratic Republic of the Congo,CD,2,14,13,7.0,6.5,0,0,2022,2025,Encounters Short Film and Animation Festival; DOXA Documentary Film Festival; Clermont-Ferrand International Short Film Festival; Internationale Kurzfilmtage Winterthur; Brussels Film Festival
Afghanistan,AF,2,17,15,8.5,7.5,2,2,2021,2024,Encounters Short Film and Animation Festival; Clermont-Ferrand International Short Film Festival; BAFTA Awards; Galway Film Fleadh; Academy Awards
Philippines,PH,2,26,21,13.0,10.5,2,2,2020,2024,Festival du Nouveau Cinéma; Singapore International Film Festival; Berlin International Film Festival; Encounters Short Film and Animation Festival; BFI London Film Festival
Indonesia,ID,2,16,15,8.0,7.5,3,0,2016,2022,Encounters Short Film and Animation Festival; CAAMFest; Curtacinema - Rio de Janeiro International Short Film Festival; Athens International Film and Video Festival; Annecy International Animation Festival
Togo,TG,2,4,3,2.0,1.5,0,0,2019,2022,Encounters Short Film and Animation Festival; Berlin International Film Festival; Golden Horse Film Festival
Faroe Islands,FO,2,9,6,4.5,3.0,0,0,2019,2022,Encounters Short Film and Animation Festival; Reykjavik International Film Festival; Cannes Film Festival; Krakow Film Festival; Palm Springs International ShortFest
Slovenia,SI,2,44,35,22.0,17.5,5,0,2021,2026,DOK Leipzig; Encounters Short Film and Animation Festival; Annecy International Animation Festival; Clermont-Ferrand International Short Film Festival; Tallinn Black Nights Film Festival
Sudan,SD,2,28,25,14.0,12.5,2,1,2021,2024,Palm Springs International ShortFest; Guanajuato International Film Festival; Encounters Short Film and Animation Festival; Athens International Film and Video Festival; Cyprus International Film Festival
Vietnam,VN,2,29,26,14.5,13.0,3,0,2019,2025,Singapore International Film Festival; Athens International Film and Video Festival; Encounters Short Film and Animation Festival; Busan International Film Festival; Beijing International Short Film Festival
Serbia,RS,2,5,4,2.5,2.0,0,0,2019,2019,Encounters Short Film and Animation Festival; Annecy International Animation Festival; Sarajevo Film Festival; Tallinn Black Nights Film Festival
Cambodia,KH,2,25,23,12.5,11.5,4,2,2017,2022,Encounters Short Film and Animation Festival; Busan International Film Festival; BAFTA Awards; Brooklyn Film Festival; Berwick Film & Media Arts Festival
Malta,MT,2,2,1,1.0,0.5,0,0,2019,2019,Encounters Short Film and Animation Festival
Bangladesh,BD,2,8,6,4.0,3.0,1,0,2020,2024,Clermont-Ferrand International Short Film Festival; Encounters Short Film and Animation Festival; Busan International Film Festival; Fribourg International Film Festival; International Festival Signs of the Night
Kenya,KE,2,2,1,1.0,0.5,0,0,2019,2019,Encounters Short Film and Animation Festival
Chile,CL,2,2,1,1.0,0.5,0,0,2016,2021,Encounters Short Film and Animation Festival
Mexico,MX,2,7,4,3.5,2.0,0,0,2019,2022,Encounters Short Film and Animation Festival; Guanajuato International Film Festival; Mill Valley Film Festival; Palm Springs International ShortFest
Nigeria,NG,2,6,5,3.0,2.5,0,0,2019,2023,Encounters Short Film and Animation Festival; Berlin International Film Festival; Chicago International Film Festival; Internationale Kurzfilmtage Winterthur; Palm Springs International ShortFest
Slovakia,SK,2,41,31,20.5,15.5,6,1,2019,2025,Ghent Film Festival; Bilbao International Festival of Documentary and Short Films; Encounters Short Film and Animation Festival; Festival du Nouveau Cinéma; Helsinki International Film Festival - Love & Anarchy
Syrian Arab Republic,SY,1,8,8,8.0,8.0,0,0,2021,2025,Animafest Zagreb; Annecy International Animation Festival; Edinburgh International Film Festival; Encounters Short Film and Animation Festival; Krakow Film Festival
Panama,PA,1,1,1,1.0,1.0,0,0,2022,2022,Encounters Short Film and Animation Festival
Morocco,MA,1,8,8,8.0,8.0,2,0,2020,2022,César Awards; Clermont-Ferrand International Short Film Festival; Encounters Short Film and Animation Festival; Haifa International Film Festival; Palm Springs International ShortFest
Bulgaria,BG,1,3,3,3.0,3.0,0,0,2019,2019,Annecy International Animation Festival; Encounters Short Film and Animation Festival; Sarajevo Film Festival
Cyprus,CY,1,14,13,14.0,13.0,2,0,2018,2021,Bergen International Film Festival; Bratislava International Film Festival; Cairo International Film Festival; Encounters Short Film and Animation Festival; !f Istanbul International Independent Film Festival
Palestine,PS,1,16,15,16.0,15.0,0,0,2022,2025,Camden International Film Festival; Clermont-Ferrand International Short Film Festival; Curtas Vila do Conde International Film Festival; Encounters Short Film and Animation Festival; Berwick Film & Media Arts Festival
Iceland,IS,1,8,8,8.0,8.0,0,1,2021,2022,Africa Movie Academy Awards; Clermont-Ferrand International Short Film Festival; Encounters Short Film and Animation Festival; Helsinki International Film Festival - Love & Anarchy; Nordisk Panorama
Egypt,EG,1,6,5,6.0,5.0,0,0,2020,2021,BFI London Film Festival; Cairo International Film Festival; Clermont-Ferrand International Short Film Festival; Encounters Short Film and Animation Festival; Palm Springs International ShortFest
Sri Lanka,LK,1,4,4,4.0,4.0,0,0,2025,2025,Encounters Short Film and Animation Festival; International Film Festival Rotterdam; San Diego Asian Film Festival; San Diego Underground Film Festival
Argentina,AR,1,9,8,9.0,8.0,1,0,2019,2022,Annecy International Animation Festival; Calgary International Film Festival; Clermont-Ferrand International Short Film Festival; Encounters Short Film and Animation Festival; Internationale Kurzfilmtage Winterthur
Bosnia and Herzegovina,BA,1,13,13,13.0,13.0,3,0,2019,2019,CPH:PIX; Encounters Short Film and Animation Festival; FIRST International Film Festival Xining; Ghent Film Festival; ACID Cannes
Somalia,SO,1,18,16,18.0,16.0,3,1,2022,2025,Berlin International Film Festival; Clermont-Ferrand International Short Film Festival; Diagonale: Festival of Austrian Film; Dokufest International Documentary and Short Film Festival; Austrian Film Award
Pakistan,PK,1,1,1,1.0,1.0,0,0,2019,2019,Encounters Short Film and Animation Festival
Albania,AL,1,2,2,2.0,2.0,0,0,2016,2016,Encounters Short Film and Animation Festival; Festival des Cinémas Différents et Expérimentaux de Paris
Republic of Kosovo,XK,1,8,8,8.0,8.0,0,0,2021,2024,Clermont-Ferrand Short Film Market Picks; Encounters Short Film and Animation Festival; LesGaiCineMad; Locarno International Film Festival; Milan Film Festival
Zimbabwe,ZW,1,1,1,1.0,1.0,0,0,2019,2019,Encounters Short Film and Animation Festival
Kazakhstan,KZ,1,1,1,1.0,1.0,0,0,2025,2025,Encounters Short Film and Animation Festival
Malaysia,MY,1,15,15,15.0,15.0,0,0,2022,2025,Bilbao International Festival of Documentary and Short Films; CAAMFest; Calgary International Film Festival; Dokufest International Documentary and Short Film Festival; Ann Arbor Film Festival
