festival_a,festival_b,festival_a_type,festival_b_type,shared_film_count,shared_film_titles
Encounters Short Film and Animation Festival,Palm Springs International ShortFest,festival,festival,142,"45th Parallel; A Period Piece; A Sister; Abada; Affairs of the Art; Al-Sit; All Inclusive; All the Crows in the World; An Ongoing List of Things Found in the Library Book Drop, Usually Being Used as Bookmarks; Anita; Anxious Body; Any Instant Whatever; Applesauce; As If the Earth Had Swallowed Them Up; Bad Seeds; Beyond Noh; Blieschow; Blind Spots; Boobs; Brutalia, Days of Labour; Bubble; Ceremony Night; Chomp It!; Christy; Da yie; Daughter; David; Dear Passengers; Don vs Lightning; Drive; Dummy; Dustin; Edmund the Magnificent; Exam; Filip; Flick; Follow Me Wherever I Go; Four Cups of Coffee or Three; Goldie; Good Thanks, You?; Goodbye Golovin; Heatwave; Helsinki Mansplaining Massacre; Hibiscus Season; Hippopotami; Homebird; Hungry Joe; Hurikán; I Am Afraid to Forget Your Face; Ice Merchants; Ieva; Impossible Figures and Other Stories II; In Our Skin; Inside Me; It's Alright; Jellyfish and Lobster; Kelly; Laika & Nemo; Learning Tagalog with Kayla; Lemongrass Girl; Like the Ones I Used to Know; Love is Just a Death Away; Love, Dad; Maalbeek; Majonezë; Man or Tree; Marlon Brando; Mind My Mind; Mthunzi; Mulika; Mushka; My Brother Luca; My Father's Room; My Hero; Neon Phantom; Night of the Living Dread; No Ill Will; Nude and Crude; Nuevo Rico; On the Surface; On Weary Wings Go By; Per Aspera Ad Astra; Pipes; Postpartum; Pria; Purpleboy; Radix; Rehearsal; Retirement Plan; Rouge; Satan; Self Scratch; Sh_t Happens; Sierra; Silence; So What If the Goats Die; Some Manifestations of the South; Souvenir, souvenir; Spotted Yellow; Stay Awake, Be Ready; Staying; Steakhouse; Still Working; Stomach Bug; Sushi Noh; Swatted; Sweet Nothing; Swiped; Symbiosis; The Afghanistans; The Christmas Gift; The Devil's Harmony; The Edge; The Golden Legend; The Last Ferry from Grass Island; The Opposites Game; The Orphan; The Tornado Outside; The Walk; There Were Four of Us; Three Songs for Benazir; Thrive; Tulip; Under the Lake; Unfolded; Upload to Story; Verisimilitude; Virtual Voice; Visible; Volcelest; Wade; Walk with Kings; Ward's Henna Party; Warsha; We Had Fun; Welcome to the Ball; Well Wishes My Love, Your Love; What Do You Know About the Water and the Moon; What Resonates in Silence; White Ant; White Eye; Zoon"
Encounters Short Film and Animation Festival,Tallinn Black Nights Film Festival,festival,festival,140,"3 Logical Exits; 4:3; A Little More Action; A Sister; Ablaze; Adiós; Affairs of the Art; All Inclusive; All the Crows in the World; Almost There; Amok; Andros; Animals; Anita; Anxious Body; Applesauce; Arka; As If the Earth Had Swallowed Them Up; Backflip; Backwards; Baigal Nuur - Lake Baikal; Being John Smith; Bench; Blieschow; Bloomers; Brutalia, Days of Labour; Carrousel; Coffin; Creepy Pasta Salad; Crumbs of Life; Darwin's Notebook; David; Dear Passengers; Dick Pics! (A Documentary); Don vs Lightning; Dustin; God is Shy; Gon, The Little Fox; Good Thanks, You?; Granny's Sexual Life; Gravedad; Hard On; Hardly Working; Heatwave; Helsinki Mansplaining Massacre; Hide; Hideous; Homebird; Hunting; Hysteresis; I Saw the Face of God in the Jet Wash; Ice Merchants; Il burattino e la balena; Impossible Figures and Other Stories I; Impossible Figures and Other Stories II; In the Company of Insects; Inside Me; Jill, Uncredited; Juice; Jupiter; Kids; Kitty; Live Forever; Love, Dad; Lunch on the Grass; Maalbeek; Matilda and the Spare Head; Mind My Mind; Miss Fortunate; Monachopsis; My Father's Room; Neon Phantom; Nestor; Nimic; Nora Can’t Score; Notes from Planet Three; Nox Insomnia; On Weary Wings Go By; Ostrich Theory; Our Pain; Outlets; Patision Avenue; Pearl Diver; Per Aspera Ad Astra; Percebes; Perfect City: The Mother; Pipes; Portrait of a Woman; Portrait of Suzanne; Precious; Purpleboy; Push This Button If You Begin to Panic; Pussy Love; Rain; Rainboy; Salvation Has No Name; Señor; Serial Parallels; Sierra; Soft Animals; Somni; Souvenir, souvenir; Speed; Spotted Yellow; Steakhouse; Store Policy; Sunrise in My Mind; Supper; Suruaika; Survivers; Symbiosis; The Best Orchestra in the World; The Devil's Harmony; The Dog; The Favourite; The Hangman at Home; The Last Train; The Mud Under My Window; The Orphan; The Passerby; The Physics of Sorrow; The Saboteur﻿; The Tent; The Undying Pain of Existence; The Visit; There Were Four of Us; They; Thing; Tie; Ties; To the Dusty Sea; Trona Pinnacles; TV or The Disturbance on Forest Hill Road; Uncle Thomas, Accounting for the Days; Wade; Watermelon Juice; What Resonates in Silence; Where Do We Go?; White Eye; Zoon"
Encounters Short Film and Animation Festival,Annecy International Animation Festival,festival,festival,89,"4:3; A Love/Hate Relationship; Adiós; Affairs of the Art; All My Scars Vanish in the Wind; Altötting; Amok; Annah the Javanese Girl; Anxious Body; Any Instant Whatever; Arka; Aubade; Backflip; Bad Mood; Bad Seeds; Baigal Nuur - Lake Baikal; Beyond Noh; Boddyssey; Boobs; Café froid; Carrousel; Coffin; Darwin's Notebook; Daughter; Depart at 22; Don't Lose Your Head; Drive; Erlking; Flow; Garrano; Granny's Sexual Life; Happiness Machine; Have a Nice Dog!; Hot Dog Hands; Hunting; Hurikán; Hysteresis; Il burattino e la balena; In Other Words; Inside Me; Ivan's Need; Juice; Kids; Kiko and the Animals; Lesbian Space Princess; Maalbeek; Matilda and the Spare Head; Maya, Give Me a Title; No, I Don't Want to Dance; Nude and Crude; Ovary-Acting; Per Aspera Ad Astra; Percebes; Pipes; Portrait of a Woman; Postpartum; Purpleboy; Radix; Rain; Ruben Leaves; Salvation Has No Name; Serial Parallels; Silent Chirping of Invisible Digits; Snow Bear; Snowfall; Soft Animals; Steakhouse; Story; Swatted; Sweet Like Lemons; Sweet Nothing; Symbiosis; The Boyg; The Crowd; The Dawn of Ape; The Passerby; The Physics of Sorrow; The Tiger Who Came to Tea; The Visit; There Were Four of Us; To the Dusty Sea; Tongue; Train Again; Tulip; Uncle Thomas, Accounting for the Days; Under the Skin, the Bark; Wade; What Resonates in Silence; World to Roam"
Clermont-Ferrand International Short Film Festival,Encounters Short Film and Animation Festival,festival,festival,85,"45th Parallel; A Lynx in the Town; A Quiet Man; A Sister; A Unique Opportunity; Abada; Affairs of the Art; Al-Sit; Amok; Anxious Body; Any Virgin Left Alive?; As If the Earth Had Swallowed Them Up; Aubade; BabyThump; Backflip; Café froid; Cherries; Chomp It!; Coffin; Crab Day; Da yie; David; Drive; Dummy; Dustin; Fantasy in a Concrete Jungle; Garrano; Genealogy of Violence; God is Shy; Granny's Sexual Life; Hide; Hideous; Hurikán; I Am Afraid to Forget Your Face; I Promise You Paradise; Ice Merchants; Il burattino e la balena; Kiko and the Animals; Laika & Nemo; Lamento; Lemongrass Girl; Love, Dad; Maalbeek; Man or Tree; Migrants; Mind My Mind; Mulika; Neon Phantom; Night of the Living Dread; On the Surface; Paradiso, XXXI, 108; Patision Avenue; Pearl Diver; Percebes; Precious; Push This Button If You Begin to Panic; Red Aninsri; Or, Tiptoeing on the Still Trembling Berlin Wall; Self Scratch; Sierra; Sleepless; So What If the Goats Die; Some Manifestations of the South; Souvenir, souvenir; Squish; Steakhouse; Store Policy; Swatted; The Battle of San Romano; The Bayview; The One Who Crossed the Sea; Three Songs for Benazir; Ties; Train Again; Transit; Trona Pinnacles; Volcelest; Wade; Ward's Henna Party; Warsha; White Ant; White Eye; Wildebeest; Will My Parents Come to See Me; World to Roam; Yellow"
Encounters Short Film and Animation Festival,Guanajuato International Film Festival,festival,festival,78,"3 Logical Exits; 45th Parallel; A Tiny Tale; Adiós; Affairs of the Art; Al-Sit; All Inclusive; Amok; Animals; Anxious Body; Any Instant Whatever; As If the Earth Had Swallowed Them Up; Backflip; Beyond Noh; Boobs; Cat and Bird; Chomp It!; Crumbs of Life; Darwin's Notebook; Dildotectonics; Dummy; Erlking; Filipiñana; Genealogy of Violence; Granny's Sexual Life; Hardly Working; Hide; Hideous; Hippopotami; Hot Dog Hands; Hunting; Ivan's Need; Jill, Uncredited; Juice; Lemongrass Girl; Like the Ones I Used to Know; Migrants; My Brother Luca; My Fat Arse and I; My Grandmother Is an Egg; Nimic; No, I Don't Want to Dance; Notes from Planet Three; Nude and Crude; Nuevo Rico; On Weary Wings Go By; Ostrich Theory; Our Perpetual Now; Pahokee; Paradiso, XXXI, 108; Pipes; Pussy Love; Rainboy; Sauna Security; Sensitive Content; Serial Parallels; Sh_t Happens; She Runs; Snow Bear; Souvenir, souvenir; Story; Sunrise in My Mind; Swatted; Sweet Like Lemons; Sweet Nothing; Take Me Somewhere Nice; The Dawn of Ape; The Frolic; The Lonely Orbit; The Unusual Bath of Mr. Otmar; To the Dusty Sea; Tulip; Two Black Boys in Paradise; Virtual Voice; Volcelest; Warsha; White Eye; Zoon"
Encounters Short Film and Animation Festival,Festival du Nouveau Cinéma,festival,festival,57,"A Lynx in the Town; All My Scars Vanish in the Wind; Altötting; Anxious Body; Any Virgin Left Alive?; Backflip; Baigal Nuur - Lake Baikal; Battlefield; Boobs; Cat and Bird; Cats & Dogs; Cherries; Filipiñana; Flores del otro patio; Happy New Year, Jim; Hardly Working; I Saw the Face of God in the Jet Wash; I Want; Ice Merchants; Idols Never Die; It's Raining Frogs Outside; Ivan's Need; Kiko and the Animals; Lake of Fire; Lemongrass Girl; Love, Dad; Maalbeek; Neon Phantom; NYC RGB; On Xerxes' Throne; Our Pain; Outlets; Pacific Club; Patision Avenue; Push This Button If You Begin to Panic; Red Aninsri; Or, Tiptoeing on the Still Trembling Berlin Wall; Serial Parallels; Sh_t Happens; She Runs; Sixty-Seven Milliseconds; Skyscraper Film; Somni; Store Policy; Sudden Light; Sunrise in My Mind; The Frolic; The Hangman at Home; The Physics of Sorrow; The Tiger Who Came to Tea; The Walk; To the Dusty Sea; Tongue; Train Again; Trona Pinnacles; Under the Lake; Volcelest; Will My Parents Come to See Me"
Encounters Short Film and Animation Festival,Helsinki International Film Festival - Love & Anarchy,festival,festival,50,"Affairs of the Art; All Inclusive; An Island; Backflip; Becoming Male in the Middle Ages; Cherries; Curupira and the Machine of the Destiny; Dildotectonics; Dummy; Dustin; Eating in the Dark; Family Life; Flying Potato and Other Misunderstandings; From.Beyond; Hard On; Helsinki Mansplaining Massacre; Hide; Hideous; I Am Afraid to Forget Your Face; I Promise You Paradise; Ice Merchants; Issues with My Other Half; Juice; Knives and Skin; Lesbian Space Princess; Love, Dad; Majonezë; Marlon Brando; My Home; Night of the Living Dread; No, I Don't Want to Dance; On the Surface; On Weary Wings Go By; Patision Avenue; Precious; Salvation Has No Name; Sh_t Happens; Sierra; Snowfall; Souvenir, souvenir; Strangers in the Dark; Sweet Like Lemons; The Christmas Gift; The Saboteur﻿; The Tent; Under the Lake; Warsha; Watermelon Juice; Will My Parents Come to See Me; Zoon"
Encounters Short Film and Animation Festival,IndieLisboa International Independent Film Festival,festival,festival,50,"45th Parallel; A Lynx in the Town; A Tiny Tale; A White-White Day; Affairs of the Art; Backflip; Becoming Male in the Middle Ages; Depart at 22; Dildotectonics; Family Bonds; Filip; Flick; Fussel; Hard On; Hard, Cracked the Wind; Hardly Working; Heatwave; Hugo & Holger; Hurikán; Impossible Figures and Other Stories II; In Curve Notes _ Stream; Issues with My Other Half; Ivan's Need; Kiko and the Animals; Lunch on the Grass; Maya, Give Me a Title; Neon Phantom; Nestor; No, I Don't Want to Dance; Outlets; Paradiso, XXXI, 108; Pipes; Push This Button If You Begin to Panic; Razeh-del; Ruben Leaves; Sierra; Sixty-Seven Milliseconds; Somni; Steakhouse; Survivers; Swatted; Symbiosis; The Bite; The Last People; The Thing That Ate the Birds; There Were Four of Us; Ties; Urban Solutions; Watermelon Juice; Will My Parents Come to See Me"
Encounters Short Film and Animation Festival,Athens International Film and Video Festival,festival,festival,50,"#21XOXO; A Tiny Tale; Al-Sit; All My Scars Vanish in the Wind; Amok; An Invitation; Anita; Annah the Javanese Girl; Anxious Body; Backflip; Bad Mood; Beyond Noh; Blieschow; Brutalia, Days of Labour; Bubble; Cat and Bird; Cat Days; Dawta; Dick Pics! (A Documentary); Goodbye Golovin; Grandad Was a Romantic; Hand; Hardly Working; Ice Merchants; Jupiter; Maalbeek; Mast-Del; My Grandmother Is an Egg; Nazarbazi; Night of the Living Dread; Percebes; Porcupine; Rain; Razeh-del; Rehearsal; Retirement Plan; Squish; Squish!; Stay Awake, Be Ready; Sweet Like Lemons; Symbiosis; Terror Nullius; The Christmas Gift; The Devil's Harmony; The Möbius Trip; The Orphan; Two Black Boys in Paradise; Urban Solutions; White Eye; Zoon"
Krakow Film Festival,Encounters Short Film and Animation Festival,festival,festival,46,"A Little Bit of Paradise; Affairs of the Art; As If the Earth Had Swallowed Them Up; Bad Mood; Beyond Noh; Café froid; Cherries; Co-ognition; Flores del otro patio; Granny's Sexual Life; Hard On; Hardly Working; Have a Nice Dog!; Hide; Hunting; Ice Merchants; Impossible Figures and Other Stories I; Impossible Figures and Other Stories II; Ivan's Need; Kids; Like the Ones I Used to Know; Love, Dad; Mom's Hair; Mother Didn't Know; My Father's Room; No Ill Will; Our Pain; Patision Avenue; Plantarium; Portrait of a Woman; Portrait of Suzanne; Prince in a Pastry Shop; Push This Button If You Begin to Panic; Radix; Rain; Story; Swatted; The Christmas Gift; The Hangman at Home; The Last People; The Tough; Uncle Thomas, Accounting for the Days; Wade; White Eye; Will My Parents Come to See Me; World to Roam"
Encounters Short Film and Animation Festival,Internationale Kurzfilmtage Winterthur,festival,festival,46,"45th Parallel; A Strange Trial; All My Scars Vanish in the Wind; All the Crows in the World; Amok; Backflip; Becoming Male in the Middle Ages; Cherries; Dildotectonics; Drive; Dustin; Flores del otro patio; Genealogy of Violence; Granny's Sexual Life; Hardly Working; Hideous; Hurikán; Hypersensitive; Hysteresis; I Promise You Paradise; Ice Merchants; It's Raining Frogs Outside; Juice; Laika & Nemo; Lake of Fire; Love, Dad; Maalbeek; Man or Tree; Mast-Del; Mulika; Neon Phantom; No, I Don't Want to Dance; Pacific Club; Pipes; Push This Button If You Begin to Panic; Razeh-del; Rehearsal; Sierra; Sixty-Seven Milliseconds; The Bite; The Devil's Harmony; The Saboteur﻿; TV or The Disturbance on Forest Hill Road; Virtual Voice; Will My Parents Come to See Me; Zoon"
Encounters Short Film and Animation Festival,Melbourne International Film Festival,festival,festival,44,"3 Logical Exits; All Inclusive; Anxious Body; As If the Earth Had Swallowed Them Up; Becoming Male in the Middle Ages; Bubble; Chomp It!; Da yie; Daughter; Drive; From.Beyond; God is Shy; Gravedad; Hideous; Hurikán; I Am Afraid to Forget Your Face; I Promise You Paradise; Ice Merchants; It's Raining Frogs Outside; Lesbian Space Princess; Mast-Del; Maya, Give Me a Title; Nazarbazi; Nestor; Nimic; Patision Avenue; Pria; Razeh-del; Retirement Plan; She Runs; Sierra; Soft Animals; Still Working; Sushi Noh; Take Me Somewhere Nice; The Flowers Stand, Silently Witnessing; The Grave of St. Oran; Thing; Train Again; Trona Pinnacles; Wade; Warsha; Watermelon Juice; Will My Parents Come to See Me"
Encounters Short Film and Animation Festival,BFI London Film Festival,festival,festival,43,"#21XOXO; 45th Parallel; Cats & Dogs; Da yie; God is Shy; Good Thanks, You?; Grandad Was a Romantic; Hanging On; Hungry Joe; I Saw the Face of God in the Jet Wash; If You Knew; It's Raining Frogs Outside; Jellyfish and Lobster; Jill, Uncredited; Kids; Know the Grass; Lemongrass Girl; Love, Dad; Mab Hudel; Man on the hill; Memoirs of a Geeza; Neon Phantom; Nimic; Pacific Club; Razeh-del; Rehearsal; Roadkill; She Runs; Snow Bear; Stomach Bug; Swatted; The Archive: Queer Nigerians; The Favourite; The Möbius Trip; They; Train Again; Tulip; Ward's Henna Party; Watermelon Juice; We Had Fun; Welcome to the Ball; What Do You Know About the Water and the Moon; Yummy Mummy"
Tallinn Black Nights Film Festival,Palm Springs International ShortFest,festival,festival,42,"A Sister; Affairs of the Art; All Inclusive; All the Crows in the World; Anita; Anxious Body; Applesauce; As If the Earth Had Swallowed Them Up; Blieschow; Brutalia, Days of Labour; David; Dear Passengers; Don vs Lightning; Dustin; Good Thanks, You?; Heatwave; Helsinki Mansplaining Massacre; Homebird; Ice Merchants; Impossible Figures and Other Stories II; Inside Me; Love, Dad; Maalbeek; Mind My Mind; My Father's Room; Neon Phantom; On Weary Wings Go By; Per Aspera Ad Astra; Pipes; Purpleboy; Sierra; Souvenir, souvenir; Spotted Yellow; Steakhouse; Symbiosis; The Devil's Harmony; The Orphan; There Were Four of Us; Wade; What Resonates in Silence; White Eye; Zoon"
Encounters Short Film and Animation Festival,Curtas Vila do Conde International Film Festival,festival,festival,42,"3 Logical Exits; A Human Certainty; Any Virgin Left Alive?; As If the Earth Had Swallowed Them Up; BabyThump; Backflip; Becoming Male in the Middle Ages; Being John Smith; Brutalia, Days of Labour; Cherries; Curupira and the Machine of the Destiny; David; Dustin; Flores del otro patio; Garrano; God is Shy; Happy New Year, Jim; Hardly Working; Hideous; I Am Afraid to Forget Your Face; I Promise You Paradise; Ice Merchants; Impossible Figures and Other Stories II; Maalbeek; Marlon Brando; Mast-Del; Nestor; Nimic; Pacific Club; Paradiso, XXXI, 108; Patision Avenue; Percebes; Razeh-del; Red Aninsri; Or, Tiptoeing on the Still Trembling Berlin Wall; The Christmas Gift; The Flowers Stand, Silently Witnessing; The Saboteur﻿; The Tent; Tie; Train Again; Watermelon Juice; Zonder meer"
Encounters Short Film and Animation Festival,DOK Leipzig,festival,festival,41,"4:3; Ablaze; Anxious Body; Any Instant Whatever; Bad Mood; Being John Smith; Blieschow; Blocks; Cat and Bird; Crumbs of Life; Don't Lose Your Head; Erlking; God is Shy; Granny's Sexual Life; Gravedad; Hurikán; Hysteresis; I Want; Ice Merchants; Impossible Figures and Other Stories I; Inside Me; It's Raining Frogs Outside; Ivan's Need; Lickalike; Love, Dad; On Weary Wings Go By; Portrait of Suzanne; Ruben Leaves; Sixty-Seven Milliseconds; Soft Animals; Somni; Squish!; Steakhouse; Stumm; Symbiosis; The Immortality of the Crab; The Physics of Sorrow; There Were Four of Us; Thing; Ties; Wildebeest"
Clermont-Ferrand International Short Film Festival,Palm Springs International ShortFest,festival,festival,40,"45th Parallel; A Sister; Abada; Affairs of the Art; Al-Sit; Anxious Body; As If the Earth Had Swallowed Them Up; Chomp It!; Da yie; David; Drive; Dummy; Dustin; Hurikán; I Am Afraid to Forget Your Face; Ice Merchants; Laika & Nemo; Lemongrass Girl; Love, Dad; Maalbeek; Man or Tree; Mind My Mind; Mulika; Neon Phantom; Night of the Living Dread; On the Surface; Self Scratch; Sierra; So What If the Goats Die; Some Manifestations of the South; Souvenir, souvenir; Steakhouse; Swatted; Three Songs for Benazir; Volcelest; Wade; Ward's Henna Party; Warsha; White Ant; White Eye"
Tallinn Black Nights Film Festival,Annecy International Animation Festival,festival,festival,39,"4:3; Adiós; Affairs of the Art; Amok; Anxious Body; Arka; Backflip; Baigal Nuur - Lake Baikal; Carrousel; Coffin; Darwin's Notebook; Granny's Sexual Life; Hunting; Hysteresis; Il burattino e la balena; Inside Me; Juice; Kids; Maalbeek; Matilda and the Spare Head; Per Aspera Ad Astra; Percebes; Pipes; Portrait of a Woman; Purpleboy; Rain; Salvation Has No Name; Serial Parallels; Soft Animals; Steakhouse; Symbiosis; The Passerby; The Physics of Sorrow; The Visit; There Were Four of Us; To the Dusty Sea; Uncle Thomas, Accounting for the Days; Wade; What Resonates in Silence"
FEST - New Directors / New Films,Encounters Short Film and Animation Festival,festival,festival,38,"A Simple Fucking Gesture; All My Scars Vanish in the Wind; Are You Ok; Backflip; Blind Spots; Blocks; Cat and Bird; Chomp It!; Dummy; Dustin; Eating in the Dark; Frater; Good Thanks, You?; Granny's Sexual Life; Hardly Working; Hippopotami; I Promise You Paradise; In the Woods; Jeijay; Maalbeek; Majonezë; My Fat Arse and I; Only a Child; Porcelain; Scars We Love; Sierra; Sixty-Seven Milliseconds; Somni; Souvenir, souvenir; Sunrise in My Mind; Suruaika; Sweet Like Lemons; The Eyeball Person; The Vibrant Village; Umbilical; Warsha; We Hope You Won't Need to Come Back; Zonder meer"
Seattle International Film Festival,Encounters Short Film and Animation Festival,festival,festival,38,"45th Parallel; Al-Sit; Baigal Nuur - Lake Baikal; Boobs; Brutalia, Days of Labour; Bubble; David; In the Big Yard Inside the Teeny-Weeny Pocket; Issues with My Other Half; Jellyfish and Lobster; Juice; Like the Ones I Used to Know; Love, Dad; Majonezë; Migrants; Mulika; Nuevo Rico; NYC RGB; On the Surface; On Weary Wings Go By; Pause; Percebes; Pipes; Pussy Love; Retirement Plan; Soft Animals; Somni; Souvenir, souvenir; Steakhouse; Stomach Bug; Sushi Noh; The Amazing Adventures of Awesome; The Orphan; Train Again; Tulip; Two Black Boys in Paradise; Well Wishes My Love, Your Love; Zoon"
SXSW Film Festival,Encounters Short Film and Animation Festival,festival,festival,38,"A Period Piece; All the Crows in the World; An Ongoing List of Things Found in the Library Book Drop, Usually Being Used as Bookmarks; Anxious Body; Brutalia, Days of Labour; Coldsore; Father of the Bride; Flick; Flores del otro patio; Gravedad; Heart to Heart; Hot Dog Hands; Hurikán; Ice Merchants; Learning Tagalog with Kayla; Like the Ones I Used to Know; Love is Just a Death Away; Monsieur Le Butch; Mthunzi; My Fat Arse and I; No, I Don't Want to Dance; Nuevo Rico; Pahokee; Pussy Love; Retirement Plan; Snowfall; Soft Animals; Steakhouse; Stomach Bug; Surviving Earth; Symbiosis; The Orphan; The Thing That Ate the Birds; TV or The Disturbance on Forest Hill Road; Vert; Warsha; White Eye; You're Not Home"
Edinburgh International Film Festival,Encounters Short Film and Animation Festival,festival,festival,38,"4:3; Affairs of the Art; Almost There; Bloomers; Born in Damascus; Creepy Pasta Salad; Filipiñana; Frater; Fuar: A Counter-Memory; Grandad Was a Romantic; Have a Nice Dog!; Heatwave; In Other Words; Jupiter; Material Bodies; Motherclucker; Nora Can’t Score; NYC RGB; Places We'll Breathe; Push This Button If You Begin to Panic; Salvation Has No Name; Silvering; Soft Animals; Souvenir, souvenir; Stay; Sudden Light; Surviving Earth; Sweet Like Lemons; The Evening Her Mind Jumped Out of Her Head; The Flowers Stand, Silently Witnessing; The Hangman at Home; The Last Train; The Möbius Trip; The Piss Witch; Ties; Wade; Well Wishes My Love, Your Love; World to Roam"
Encounters Short Film and Animation Festival,Bilbao International Festival of Documentary and Short Films,festival,festival,36,"45th Parallel; Adiós; All My Scars Vanish in the Wind; Anxious Body; Backflip; Cat and Bird; Crumbs of Life; Daughter; David; Dildotectonics; Exam; Father; Flores del otro patio; Flow; Granny's Sexual Life; Hardly Working; Hurikán; I Am Afraid to Forget Your Face; In the Big Yard Inside the Teeny-Weeny Pocket; Love is Just a Death Away; Love, Dad; Lucens; Our Pain; Push This Button If You Begin to Panic; Rain; Rainboy; Sensitive Content; Sh_t Happens; Story; The Christmas Gift; The Flowers Stand, Silently Witnessing; The Golden Legend; The Physics of Sorrow; Tie; Well Wishes My Love, Your Love; Zoon"
Encounters Short Film and Animation Festival,Dokufest International Documentary and Short Film Festival,festival,festival,35,"A Human Certainty; Being John Smith; Blocks; Cat and Bird; Cherries; Crab Day; Dear Passengers; Flores del otro patio; Genealogy of Violence; Granny's Sexual Life; Hardly Working; Hippopotami; I Promise You Paradise; Ice Merchants; Jill, Uncredited; Kids; Killing Boris Johnson; Laika & Nemo; Maalbeek; Mast-Del; Nazarbazi; Notes from Planet Three; Pacific Club; Places We'll Breathe; Razeh-del; Sensitive Content; Sierra; The Bayview; The Flowers Stand, Silently Witnessing; The Last People; The Saboteur﻿; Train Again; Warsha; Well Wishes My Love, Your Love; Will My Parents Come to See Me"
Cannes Film Festival,Encounters Short Film and Animation Festival,festival,festival,33,"All Inclusive; All the Crows in the World; An Invitation; Anxious Body; Brutalia, Days of Labour; Cherries; David; Dustin; God is Shy; Good Thanks, You?; Happy New Year, Jim; Hideous; Hypersensitive; I Am Afraid to Forget Your Face; I Promise You Paradise; Ice Merchants; Killing Boris Johnson; Maalbeek; Marlon Brando; Mast-Del; My Fat Arse and I; No Ill Will; On Xerxes' Throne; Roadkill; Satan; Scars We Love; She Runs; Stay Awake, Be Ready; Sudden Light; The Last Ferry from Grass Island; The Orphan; Train Again; Volcelest"
Encounters Short Film and Animation Festival,Milwaukee International Film Festival,festival,festival,32,"A Simple Fucking Gesture; Al-Sit; Anxious Body; Bad Seeds; Beyond Noh; Bubble; David; Dustin; Flores del otro patio; For People in Trouble; From.Beyond; Garrano; Hanging On; Kiko and the Animals; Like the Ones I Used to Know; Live Forever; Love is Just a Death Away; Love, Dad; Marlon Brando; Matilda and the Spare Head; Monsieur Le Butch; Mother Didn't Know; Night of the Living Dread; Pipes; Sierra; Soft Animals; Souvenir, souvenir; Steakhouse; The Orphan; Tulip; Warsha; Zoon"
Clermont-Ferrand International Short Film Festival,Tallinn Black Nights Film Festival,festival,festival,32,"A Sister; Affairs of the Art; Amok; Anxious Body; As If the Earth Had Swallowed Them Up; Backflip; Coffin; David; Dustin; God is Shy; Granny's Sexual Life; Hide; Hideous; Ice Merchants; Il burattino e la balena; Love, Dad; Maalbeek; Mind My Mind; Neon Phantom; Patision Avenue; Pearl Diver; Percebes; Precious; Push This Button If You Begin to Panic; Sierra; Souvenir, souvenir; Steakhouse; Store Policy; Ties; Trona Pinnacles; Wade; White Eye"
Tallinn Black Nights Film Festival,Guanajuato International Film Festival,festival,festival,31,"3 Logical Exits; Adiós; Affairs of the Art; All Inclusive; Amok; Animals; Anxious Body; As If the Earth Had Swallowed Them Up; Backflip; Crumbs of Life; Darwin's Notebook; Granny's Sexual Life; Hardly Working; Hide; Hideous; Hunting; Jill, Uncredited; Juice; Nimic; Notes from Planet Three; On Weary Wings Go By; Ostrich Theory; Pipes; Pussy Love; Rainboy; Serial Parallels; Souvenir, souvenir; Sunrise in My Mind; To the Dusty Sea; White Eye; Zoon"
Ann Arbor Film Festival,Encounters Short Film and Animation Festival,festival,festival,31,"#21XOXO; Bad Mood; Beyond Noh; Dick Pics! (A Documentary); Dildotectonics; Hand; Hot Dog Hands; Hysteresis; I Want; I'm Not a Robot; Il burattino e la balena; In the Big Yard Inside the Teeny-Weeny Pocket; Jill, Uncredited; Kids; Lickalike; Mast-Del; Material Bodies; Mercury's Retrograde; Nutag-Homeland; Push This Button If You Begin to Panic; Rain; Razeh-del; Skyscraper Film; Swatted; The Golden Legend; The Immortality of the Crab; The Quest for Freedom and the Longing for Belonging; There Were Four of Us; Tie; Train Again; Well Wishes My Love, Your Love"
AFI Fest,Encounters Short Film and Animation Festival,festival,festival,31,"Al-Sit; Anxious Body; Cat Days; David; Dildotectonics; Dustin; Exam; Granny's Sexual Life; Hot Dog Hands; How to Shoot a Ghost; It's Raining Frogs Outside; Knives and Skin; Love, Dad; Maalbeek; Majonezë; Mthunzi; Nutag-Homeland; On Xerxes' Throne; Percebes; Sierra; Snow Bear; Soft Animals; Story; Sweet Like Lemons; The Devil's Harmony; The Favourite; The Golden Legend; The Orphan; What Do You Know About the Water and the Moon; Zonder meer; Zoon"
São Paulo International Short Film Festival – Curta Kinoforum,Encounters Short Film and Animation Festival,festival,festival,31,"Affairs of the Art; All My Scars Vanish in the Wind; Battlefield; Chomp It!; Da yie; Dear Passengers; Dustin; Hardly Working; Hide; Homebird; In the Company of Insects; Lamento; Mulika; Neon Phantom; Nimic; On the Surface; Patision Avenue; Percebes; Rain; Serial Parallels; So What If the Goats Die; Somni; Still Working; Strangers in the Dark; The Battle of San Romano; The Christmas Gift; Thing; Train Again; Uncle Thomas, Accounting for the Days; Warsha; Watermelon Juice"
Palm Springs International ShortFest,Guanajuato International Film Festival,festival,festival,29,"45th Parallel; Affairs of the Art; Al-Sit; All Inclusive; Anxious Body; Any Instant Whatever; As If the Earth Had Swallowed Them Up; Beyond Noh; Boobs; Chomp It!; Dummy; Hippopotami; Lemongrass Girl; Like the Ones I Used to Know; My Brother Luca; Nude and Crude; Nuevo Rico; On Weary Wings Go By; Pipes; Sh_t Happens; Souvenir, souvenir; Swatted; Sweet Nothing; Tulip; Virtual Voice; Volcelest; Warsha; White Eye; Zoon"
Encounters Short Film and Animation Festival,Toronto International Film Festival,festival,festival,29,"All Inclusive; Anxious Body; Backflip; Baigal Nuur - Lake Baikal; Being John Smith; Boobs; Daughter; David; Dustin; Exam; Hanging On; I Saw the Face of God in the Jet Wash; Ice Merchants; Love, Dad; Marlon Brando; Mast-Del; Nimic; Nutag-Homeland; NYC RGB; Percebes; She Runs; Soft Animals; Stomach Bug; The Bite; The Orphan; The Physics of Sorrow; Tie; Train Again; Watermelon Juice"
Encounters Short Film and Animation Festival,Vancouver International Film Festival,festival,festival,29,"A Quiet Man; Al-Sit; Backflip; Bad Seeds; Baigal Nuur - Lake Baikal; Boobs; Don vs Lightning; Granny's Sexual Life; Hard On; Hardly Working; It's Raining Frogs Outside; Knives and Skin; Lake of Fire; Like the Ones I Used to Know; Mast-Del; Neon Phantom; Nuevo Rico; NYC RGB; Razeh-del; She; Sixty-Seven Milliseconds; Stay Awake, Be Ready; Swatted; The Favourite; The Physics of Sorrow; To the Dusty Sea; Wade; White Eye; Zoon"
Solothurn Film Festival,Encounters Short Film and Animation Festival,festival,festival,28,A Strange Trial; Aubade; Boddyssey; Darwin's Notebook; Erlking; Flores del otro patio; Four Pills at Night; Hardly Working; Hunting; Ivan's Need; Kids; Kill Your Darlings; Lamento; Lucens; Only a Child; Pipes; Push This Button If You Begin to Panic; Rainboy; Ruben Leaves; Signs; Sleepless; Still Working; Sweet Nothing; The Battle of San Romano; The Edge; The Ghost from Mariupol; The Lonely Orbit; TV or The Disturbance on Forest Hill Road
Encounters Short Film and Animation Festival,Oberhausen International Short Film Festival,festival,festival,28,"A Lynx in the Town; A Tiny Tale; Ablaze; Backflip; Becoming Male in the Middle Ages; Christy; Crab Day; Dummy; Filip; Genealogy of Violence; Getting Started; Hard, Cracked the Wind; Ieva; Juice; Material Bodies; My Home; My Own Kind; Nuevo Rico; Sensitive Content; She Runs; Somni; The Eyeball Person; The Frolic; The Town; Train Again; Trona Pinnacles; Under the Lake; Virtual Voice"
Encounters Short Film and Animation Festival,Locarno International Film Festival,festival,festival,28,"At Little Wheelie Three Days Ago; Aubade; Erlking; Father; Flores del otro patio; Four Pills at Night; Hardly Working; Hunting; In the Big Yard Inside the Teeny-Weeny Pocket; Lake of Fire; Love, Dad; Mthunzi; Mulika; Neon Phantom; Nimic; On Weary Wings Go By; Paradiso, XXXI, 108; Pipes; Push This Button If You Begin to Panic; Razeh-del; Red Aninsri; Or, Tiptoeing on the Still Trembling Berlin Wall; Sleepless; Spotted Yellow; Squish!; Stay Awake, Be Ready; Steakhouse; Still Working; Where to Land"
Encounters Short Film and Animation Festival,Reykjavik International Film Festival,festival,festival,28,"Anxious Body; Cat and Bird; Cock; Dildotectonics; Dummy; Flores del otro patio; Helsinki Mansplaining Massacre; I Am Afraid to Forget Your Face; It's Raining Frogs Outside; Marlon Brando; Mast-Del; Neon Phantom; No Ill Will; Patision Avenue; Pearl Diver; Porcelain; Rainboy; Souvenir, souvenir; The Boyg; The Christmas Gift; The Golden Legend; The Tent; Under the Lake; Urban Solutions; Watermelon Juice; Where Do We Go?; Wildebeest; Zonder meer"
Sundance Film Festival,Encounters Short Film and Animation Festival,festival,festival,28,"As If the Earth Had Swallowed Them Up; Baigal Nuur - Lake Baikal; Daughter; Exam; Garrano; Hippopotami; How Does It Start; Hurikán; In the Big Yard Inside the Teeny-Weeny Pocket; It's Raining Frogs Outside; Like the Ones I Used to Know; Mulika; No, I Don't Want to Dance; Nutag-Homeland; Pahokee; Pipes; Sh_t Happens; So What If the Goats Die; Soft Animals; Souvenir, souvenir; Sweet Nothing; The Devil's Harmony; The Flowers Stand, Silently Witnessing; The Tough; Warsha; Well Wishes My Love, Your Love; White Ant; Zoon"
Guanajuato International Film Festival,Annecy International Animation Festival,festival,festival,27,"Adiós; Affairs of the Art; Amok; Anxious Body; Any Instant Whatever; Backflip; Beyond Noh; Boobs; Darwin's Notebook; Erlking; Granny's Sexual Life; Hot Dog Hands; Hunting; Ivan's Need; Juice; No, I Don't Want to Dance; Nude and Crude; Pipes; Serial Parallels; Snow Bear; Story; Swatted; Sweet Like Lemons; Sweet Nothing; The Dawn of Ape; To the Dusty Sea; Tulip"
Encounters Short Film and Animation Festival,Kurzfilm Festival Hamburg,festival,festival,27,45th Parallel; Amok; Backflip; Being John Smith; Cat Days; Chomp It!; Dildotectonics; Dinner's Ready; Flores del otro patio; From.Beyond; Hardly Working; Have a Nice Dog!; Hysteresis; Ice Merchants; In the Big Yard Inside the Teeny-Weeny Pocket; Issues with My Other Half; Mast-Del; Neo Nahda; Notes from Planet Three; Our Pain; Pacific Club; Sensitive Content; Silent Chirping of Invisible Digits; Somni; Two Black Boys in Paradise; Warsha; Zoon
Encounters Short Film and Animation Festival,Calgary International Film Festival,festival,festival,27,"A Simple Fucking Gesture; An Island; Anita; Bad Seeds; Baigal Nuur - Lake Baikal; Boobs; Da yie; David; Drive; Exit To Stage; Homebird; How to Shoot a Ghost; Ice Merchants; Into Light; Like the Ones I Used to Know; Miss Fortunate; Pussy Love; Sierra; Snowfall; Steakhouse; Survivers; The Last Ferry from Grass Island; The Lonely Orbit; Volcelest; Well Wishes My Love, Your Love; White Ant; Zoon"
Encounters Short Film and Animation Festival,Sarajevo Film Festival,festival,festival,27,"3 Logical Exits; Amok; Backflip; Battlefield; Brutalia, Days of Labour; Cat Days; Cats & Dogs; Cherries; Dummy; Dustin; God is Shy; Happiness Machine; Happy New Year, Jim; In the Woods; Love, Dad; Majonezë; No, I Don't Want to Dance; On Xerxes' Throne; Steakhouse; Still Working; Surviving Earth; Symbiosis; Take Me Somewhere Nice; The Mud Under My Window; The Vibrant Village; Under the Lake; Virtual Voice"
Encounters Short Film and Animation Festival,Chicago International Film Festival,festival,festival,27,Affairs of the Art; All Inclusive; David; Exam; Filipiñana; Flick; Flores del otro patio; Garrano; Hippopotami; I Promise You Paradise; Ice Merchants; Knives and Skin; Mthunzi; Nazarbazi; Nimic; Nuevo Rico; Rain; Rehearsal; Retirement Plan; Roadkill; Snow Bear; Soft Animals; Spotted Yellow; Squish!; The Favourite; Tie; Watermelon Juice
Warsaw International Film Festival,Encounters Short Film and Animation Festival,festival,festival,27,A Little Bit of Paradise; A Strange Trial; Ablaze; Aubade; Blind Spots; Culling; David; Don't Lose Your Head; Gravedad; Hugo & Holger; Impossible Figures and Other Stories I; Impossible Figures and Other Stories II; Jupiter; My Fat Arse and I; Nimic; Plantarium; Portrait of Suzanne; Postpartum; Rain; Roadkill; Sensitive Content; Snow Bear; Story; The Tough; Walk with Kings; We Hope You Won't Need to Come Back; Zoon
Encounters Short Film and Animation Festival,International Film Festival Rotterdam,festival,festival,26,"3 Logical Exits; 45th Parallel; A Human Certainty; A Unique Opportunity; Backflip; Becoming Male in the Middle Ages; Chomp It!; Granny's Sexual Life; Hard, Cracked the Wind; Issues with My Other Half; Lamento; Lemongrass Girl; Nazarbazi; Nimic; Paradiso, XXXI, 108; Places We'll Breathe; Porcupine; Rainboy; Rouge; Serial Parallels; Sweet Like Lemons; Take Me Somewhere Nice; The Hangman at Home; Urban Solutions; Warsha; You're a Shadow"
Ghent Film Festival,Encounters Short Film and Animation Festival,festival,festival,26,"#21XOXO; Becoming Male in the Middle Ages; Brutalia, Days of Labour; Cherries; Da yie; God is Shy; Goodbye Golovin; Happy New Year, Jim; I Am Afraid to Forget Your Face; Ice Merchants; Jill, Uncredited; Love, Dad; Mast-Del; Mosaic; Neon Phantom; Nimic; Razeh-del; Sh_t Happens; Take Me Somewhere Nice; The Bite; The Favourite; The Flowers Stand, Silently Witnessing; The Golden Legend; Train Again; Watermelon Juice; What Do You Know About the Water and the Moon"
Palm Springs International ShortFest,Annecy International Animation Festival,festival,festival,25,Affairs of the Art; Anxious Body; Any Instant Whatever; Bad Seeds; Beyond Noh; Boobs; Daughter; Drive; Hurikán; Inside Me; Maalbeek; Nude and Crude; Per Aspera Ad Astra; Pipes; Postpartum; Purpleboy; Radix; Steakhouse; Swatted; Sweet Nothing; Symbiosis; There Were Four of Us; Tulip; Wade; What Resonates in Silence
Encounters Short Film and Animation Festival,Fantasia Film Festival,festival,festival,25,"Bubble; Dizzy Cavalry; For People in Trouble; From.Beyond; Gon, The Little Fox; Helsinki Mansplaining Massacre; Hideous; It's Raining Frogs Outside; Knives and Skin; Like the Ones I Used to Know; Live Forever; Man or Tree; Maya, Give Me a Title; Modern Babel; Mondo Domino; My Father's Room; Perfect City: The Bravest Kid; Perfect City: The Mother; Peter the Penguin; Self Scratch; Survivers; The Grave of St. Oran; There Were Four of Us; Virtual Voice; Wade"
Encounters Short Film and Animation Festival,Sitges - Catalonian International Film Festival,festival,festival,25,"Amok; Arka; Brutalia, Days of Labour; Bubble; Carrousel; Culling; Erlking; From.Beyond; Helsinki Mansplaining Massacre; Hurikán; Kids; Lesbian Space Princess; Live Forever; Nimic; Nuevo Rico; Once Familiar; Sports Day; Steakhouse; Sweet Like Lemons; The Devil's Harmony; The Edge; The Lonely Orbit; The Man That I Wave At; Under the Skin, the Bark; You're Not Home"
