festival_id,festival_name,country_code,country_name,mapped
94138b5c-e673-4739-bd20-d952bc1b4cbc,!f Istanbul International Independent Film Festival,TR,Turkey,yes
4760bc63-5f27-4492-a9b2-bbd25dd714ba,25FPS Festival,,,no
e02b7806-7be9-48dd-ab27-036edd4efac7,AACTA International Awards,,,no
2eae33c7-57a9-4588-8b35-095ed60f7196,Academy Awards,US,United States,yes
f79af8d3-2497-4c1c-a913-b3593b0b0978,ACID Cannes,FR,France,yes
6a840ce2-e0f3-43d4-a24c-6dda3a84b072,Adelaide Film Festival,,,no
6e538a48-0391-4f5c-b53b-18808b101c4d,Aesthetica Short Film Festival,GB,United Kingdom,yes
38a8a7c9-a500-44d7-b5eb-72c6bfc7a6bd,AFI Fest,US,United States,yes
0ad24c09-d2ed-4022-81ee-10c5a5502bc5,Africa Movie Academy Awards,US,United States,yes
20d08ed2-76d7-405a-9161-d4470c3e2f2f,Akbank Short Film Festival,TR,Turkey,yes
3d200f40-b327-4615-8832-3c1b5a34ba49,Alice nella Città,,,no
2410e846-d268-496a-9f1a-4fe7c8019474,Amanda Awards (Norway),,,no
99aabe62-99b3-4744-8dbc-eb51bd073137,American Documentary and Animation Film Festival,,,no
4b009430-1645-4b22-b6ff-1971ecc0400c,Angers European First Film Festival,,,no
ccf8a11c-3c2e-4e44-bae4-03e283478a9d,Animafest Zagreb,HR,Croatia,yes
37ebcf51-fd01-4044-b6da-c2fb286b059a,Ann Arbor Film Festival,US,United States,yes
db673c9b-1127-439f-80d1-ba291433566e,Annecy International Animation Festival,FR,France,yes
99208657-b264-44ab-b77a-8707fcb8db4d,Annual Copenhagen Film Festival,DK,Denmark,yes
73bbfc2c-0b5e-47b3-9532-46d411d99ead,Antalya Golden Orange Film Festival,,,no
d5e2aade-ca92-405a-bffb-ab77dbb1041a,Antenna Documentary Film Festival,,,no
01e964ec-0630-4b7e-a7f9-d0c075d2875e,ARKIPEL International Documentary and Experimental Film Festival,,,no
d67214a5-93de-4d74-b0bf-ae46d7cbdd73,Aspen Shortsfest,US,United States,yes
9ea2d0e1-6e8e-4139-a9b6-536a6fb3bf66,Athens Digital Arts Festival,GR,Greece,yes
7a69022b-9c05-4157-a390-6fc7d2ac1ef2,Athens International Film and Video Festival,GR,Greece,yes
c9fbc930-d1df-4a3e-8812-7e3674975dd4,Athens International Film Festival,GR,Greece,yes
6fc3af94-3a23-48d2-b9c6-2d9b5612b78f,Atlanta Film Festival,US,United States,yes
3e0cd5ac-07ac-43e7-ad3e-717fb7488130,Austin Film Critics Association,US,United States,yes
74c792e7-a065-41ea-893f-52039334e64d,Austin Film Festival,US,United States,yes
cc0cb479-cc2a-4ab1-b3d1-1f06d7dbf6aa,Austrian Film Award,AT,Austria,yes
c03c9069-315b-4b51-b682-8977f1261c06,Available Light Festival,,,no
e2b304f5-cb79-4cb3-9967-27ddfd963b5d,BAFTA Awards,GB,United Kingdom,yes
240da28a-439d-4f22-8084-3f99b9e14987,BAFTA Awards (Scotland),GB,United Kingdom,yes
21105929-5bf6-456b-9df0-0677b707388c,Bangkok International Film Festival,,,no
88ad162d-9a36-4c17-902a-408fd8fecb36,Beijing International Short Film Festival,GB,United Kingdom,yes
2d313356-7dd0-4fa6-a31d-66d4ffd44ce2,Belfast Film Festival,GB,United Kingdom,yes
59838590-097a-4049-9238-7c77598a24dd,Bengaluru International Film Festival,,,no
f85ffeea-37d1-470c-a63a-d7e1742582a4,Bergen International Film Festival,NO,Norway,yes
5c5a7313-eee6-4813-aa00-3f7ef645f5ab,Berlin International Film Festival,DE,Germany,yes
2831d701-cf17-4ce0-a1f5-cd484a0ebc47,Berwick Film & Media Arts Festival,,,no
4819f7a7-21f7-48f4-ade4-d5feaf6dd54a,Beyond Fest,,,no
f505e431-38db-4f78-ac0f-30de991b4fcf,BFI Flare: London LGBTIQ+ Film Festival,GB,United Kingdom,yes
bfa7b59c-0cac-4bbc-a0b5-ddb91c34bfd4,BFI London Film Festival,GB,United Kingdom,yes
45de63b6-2d24-462c-8506-4c38bd837132,Biarritz Amerique Latine Festival,,,no
47c7d2ec-e418-4826-b9d8-dd4bde8b3488,Bilbao International Festival of Documentary and Short Films,ES,Spain,yes
fab2b99b-ae54-4b56-bc14-90f66a619e07,BlackStar Film Festival,,,no
d95a2a33-e022-4307-9779-030bbce3026f,Bodil Awards,,,no
8fcb4eb5-318b-4aa3-beab-b6179c344012,Bogoshorts - Bogota Short Film Festival,CO,Colombia,yes
c16af8d7-9389-4009-bf13-f5059c89c7f9,Bolton International Film Festival,GB,United Kingdom,yes
98f7d4ca-c1c7-4c9e-942a-a48ad2627931,Boston Independent Film Festival,,,no
0d4681c6-466a-4b32-80a8-7050153fb752,Bratislava International Film Festival,SK,Slovakia,yes
f8b2537c-c91c-42f2-b5d9-4398a5e97a9f,Braziers International Film Festival,,,no
385a0d7f-6e73-4c95-be9a-cdc655fd9bff,Brest European Short Film Festival,FR,France,yes
cc45b455-a2f9-4908-b7c4-c6cf876ff933,British Independent Film Awards,GB,United Kingdom,yes
2341368f-70df-4125-82e4-70f9ba6fafad,Brive Film Festival - First International Competition of Medium Films,,,no
02d4f589-b84e-499f-bb60-f65f3274bc78,Brooklyn Film Festival,,,no
507ef864-65fa-4ee6-9fda-8f5e0f758869,Brussels Film Festival,BE,Belgium,yes
cb23b39e-f3c9-4e1e-96d3-46fa4018a645,Brussels International Fantastic Film Festival,BE,Belgium,yes
d563453e-81a4-462a-9c29-ecd7625b9712,Brussels Short Film Festival,BE,Belgium,yes
3b630663-1261-44cd-a9d3-113a6b4c7144,Bucharest International Film Festival,RO,Romania,yes
c345657e-28c0-4f14-a93c-350ea2489eca,Bucharest Short Film Festival,RO,Romania,yes
367eae51-0f43-4c75-88e7-29b838067358,Buenos Aires International Festival of Independent Cinema,AR,Argentina,yes
8706c66a-e173-4400-9df8-4ad9bbe2d6ca,Busan International Film Festival,KR,South Korea,yes
c0909254-5e9c-42c1-92b9-07f5f0c609e1,Busan International Short Film Festival,GB,United Kingdom,yes
c85e5b30-b85c-4ec0-9d7f-0b675143e1fb,CAAMFest,,,no
cf01db4e-d660-4aa4-bafd-06c7aee854ae,Cabíria Festival,,,no
94a892dc-c3f2-4d33-b88b-c753638e3581,Cairo International Film Festival,,,no
696e5f42-cba4-4979-bc63-da37cb86796c,Calgary International Film Festival,CA,Canada,yes
3301f653-1e3e-4d62-bbb2-9c451ff3534a,Camden International Film Festival,,,no
350ad135-780e-4659-b9d7-a10e5ae5c4cc,Camerimage,,,no
18080782-a218-4f0e-968a-7eadf01f2ca4,Canadian Screen Awards,,,no
220207d8-4376-437c-8558-6bd35c73c499,Cannes Film Festival,FR,France,yes
18f235d6-577c-4e6e-a7f3-c9ab64659a7d,Cartagena Film Festival,,,no
c713c20a-5ec5-4373-86fb-bba880817198,César Awards,,,no
48e4659b-8837-4253-a2e1-9ee52a7a86e1,Champs-Élysées Film Festival,,,no
0ba7cf49-102f-426f-8642-93b15ee12749,Chéries-Chéris,,,no
41dae686-5045-4625-a79d-279c7b4f0245,Chicago International Film Festival,US,United States,yes
3c7ce3af-697d-461f-a063-a758c878d137,Chicago Underground Film Festival,US,United States,yes
383cd601-d015-46c7-bc61-aac3d86cee25,Cindependent Film Festival,,,no
6b3578d9-631c-4d1c-af1a-3cb42e22e5f9,Cinefest Sudbury International Film Festival,,,no
c65d0de0-8107-43f9-a3a2-5f1188bc3af6,Cinehill Film Festival,,,no
dc8c0a74-5676-43db-8586-f299a5a0515f,Cinéma du Réel,,,no
8f175ef2-68de-4a1b-823e-4d01489b40da,Cinema Queer International LGBTQ Film Festival,,,no
3f02a35a-2ce9-4cb1-8985-cc48918ce330,Cinemania,,,no
9d6fea7e-4a1c-46b9-b085-a62cbda7ea1d,Cinemira International Children's and Youth Film Festival,,,no
2a94d407-a13b-45fe-a72a-bfbbaaa474ac,Cinequest San Jose Film Festival,,,no
0d7c3373-bbda-4a64-ab3d-4df8f7909b1c,Clermont-Ferrand International Short Film Festival,FR,France,yes
e6172fb7-3b28-4094-9176-290b61bdc541,Clermont-Ferrand Short Film Market Picks,FR,France,yes
98deaf95-ab9b-4a87-8b2e-3b6c72cfa810,Cleveland International Film Festival,US,United States,yes
3efe604c-1a6b-48c0-9de0-1c7ff107c12a,Cork International Film Festival,IE,Ireland,yes
87a3dc48-104a-4e2e-bcd7-963b3edf4d4c,Côté Court,,,no
08127426-467e-415c-bd1f-fc82718bcffa,Cottbus Festival of East European Cinema,,,no
b6512827-f3fc-4efc-a211-661452486019,CPH:DOX,DK,Denmark,yes
8a3d7362-5646-4c7a-b8dc-94fa91edddca,CPH:PIX,DK,Denmark,yes
959582a2-4609-47b3-9d39-dfba3066b08d,Crime and Punishment Film Festival,,,no
9b18b87f-b9a8-4591-bfa0-aa91315f91d3,Critics Choice Awards,,,no
07e2736a-327c-41f1-b52e-91cbb0e1f6e4,Crossing Europe Film Festival,,,no
a8e4bc98-f093-47d3-ab23-61f6096ce468,Crossroads - San Francisco Cinematheque,US,United States,yes
1ac48d8b-de4e-4628-8b30-e9732a78064b,Curtacinema - Rio de Janeiro International Short Film Festival,GB,United Kingdom,yes
f7505a7d-990e-4c95-87e4-a417300bbe8f,Curtas Vila do Conde International Film Festival,PT,Portugal,yes
5f6e6f3b-3369-4f2c-8422-6a8211932e87,Cyprus International Film Festival,,,no
8eadefae-a700-4fd3-b6c2-7efdeee2c728,David di Donatello Awards,,,no
dd5b0981-8a86-4e38-beb8-435410479251,Deauville Film Festival,,,no
57dedbe7-7ad1-457f-b20e-ac7cae3be208,Diagonale: Festival of Austrian Film,AT,Austria,yes
53e87f42-5dd3-4d15-92a5-923cfb47f07a,DMZ International Documentary Film Festival,,,no
40f7048a-0d55-468e-8d3f-a3028cb1858b,Doc Fortnight,,,no
46516c41-481a-4944-bcd0-2f47944c69b0,DOC NYC,,,no
601b1c29-967d-4364-b17f-45b795a18aa6,Doclisboa International Film Festival,,,no
ed1d6294-359a-4449-a7ff-8514696d5b55,DocPoint – Helsinki Documentary Film Festival,FI,Finland,yes
1d238b18-c0ca-4800-8c51-b4dc3bd3352f,DocsMX,,,no
0058b608-cb83-42fe-9ea5-1046eb12690b,DocumentaMadrid,ES,Spain,yes
96108b89-01ef-4599-92e7-b8e1759f0114,DOK Leipzig,DE,Germany,yes
89c32393-fbbc-4c30-9186-94ffb11b99c7,Dokufest International Documentary and Short Film Festival,,,no
31cf025b-0f81-4514-aaee-c873798350d5,Douarnenez Film Festival,,,no
a7fe6d23-50d9-4ce4-973e-b04f2c862390,DOXA Documentary Film Festival,,,no
5a53e92d-4c61-4c51-a0b5-8c15ca19f8c4,Dublin International Film Festival,IE,Ireland,yes
61ce3f55-7e4d-4a6a-83ba-77dc5904a96e,Durban International Film Festival,ZA,South Africa,yes
79e8d021-deeb-4c20-aa46-e16e02587704,Dutch Mountain Film Festival,NL,Netherlands,yes
2eaa153d-b8d8-46a5-867c-0ed8dcca3c45,Edinburgh International Film Festival,GB,United Kingdom,yes
4bebb856-d806-4ef0-85f7-0945f2ce9ada,Edmonton International Film Festival,,,no
3ce555b2-7eef-4673-b205-8c650919a145,Encounters Short Film and Animation Festival,GB,United Kingdom,yes
2f438b3e-8f01-48ce-b759-fc3d80072cf8,Ethnofest – Athens Ethnographic Film Festival,GR,Greece,yes
9905db68-bd6f-4480-9b8e-851413e6e410,European Film Awards,,,no
5cc2a93f-0a3a-4a76-90c0-ed7a57d614e1,Experimental Film and Video Festival in Seoul,KR,South Korea,yes
8e6679d7-db7a-4bd5-9de1-184126f05f9a,Experimental Film Festival Process,,,no
c7d70f2d-1816-4465-b450-96d781b11ebc,Fantasia Film Festival,,,no
0af40173-e1f2-487e-bfac-c101c08c251c,Fantaspoa International Fantastic Film Festival,,,no
ffc850df-60e0-428d-9b48-e94515f10689,Fantastic Fest,,,no
3c6be046-aef9-4fb8-bc92-3d5e7ebda8e2,Fargo Film Festival,,,no
244db6a4-0944-4097-aa90-183f30ebd90e,FEST - New Directors / New Films,,,no
8e23bf96-3522-4cec-8fd4-2875b111ae8e,Festival Angaelica,,,no
33609549-dbb2-4aa0-9e6a-200bcc780dfa,Festival de Cine Iberoamericano de Huelva,,,no
19b1a3b6-fac9-45d6-89dc-ccddc3725406,Festival de Málaga,,,no
0eb37004-b629-4fa5-a7eb-c5f5001d4b82,Festival des Cinémas Différents et Expérimentaux de Paris,FR,France,yes
cb21dfd0-e248-4b94-94a7-739f08d8ce54,Festival du Nouveau Cinéma,,,no
661f52e2-7510-4bde-9798-a6ce52e48ec1,Festival Ecrã of Audiovisual Experimentations,,,no
5e4944e9-d65b-401f-94ae-e001c4b4e687,Festival international du film indépendant de Bordeaux,FR,France,yes
d75f7e2e-034b-4934-87d6-f192908e0544,Festival Stop Motion Montreal,CA,Canada,yes
42d15bf8-aead-4334-bdde-e2028d02a325,FICUNAM,MX,Mexico,yes
7102740c-896d-4c9d-b2ae-98777f1b3cba,FIDMarseille,FR,France,yes
f3624a41-8311-4087-9a65-bff1c0298b93,Filmfest Bremen,,,no
319fbcf0-f6cf-4ee2-b7a9-4115caf730b2,Filmfest Dresden,DE,Germany,yes
fe6a959c-968d-410b-86b0-7cd963fd6d1a,Filmfestival Max Ophüls Preis,,,no
1fd3351c-3cf9-4fab-a711-83defccf9e32,FilmQuest,,,no
0ac827fb-80f0-4eac-9b0a-4537ee2e2299,Filmschoolfest Munich,DE,Germany,yes
25f714e4-c037-46c2-9359-c43b3fdfb682,FIRST International Film Festival Xining,,,no
c9f36f73-e2bc-47d9-a8ac-c30c55421cd4,First Look,,,no
9c9812a5-b9ee-4eeb-802c-8cac79cd1c61,Florida Film Festival,,,no
92a6b941-31be-4837-bc71-acc9f6797c7e,Frameline: San Francisco International LGBTQ Film Festival,US,United States,yes
09e00bab-7674-4a8d-ba64-e54c8a20344e,Frames of Representation,,,no
d8866bbd-16fb-4dfc-b47d-d7e23b48e131,Fribourg International Film Festival,,,no
472ea212-f862-42b6-b60a-f026b73abeee,Frightfest,,,no
4bc2538e-5075-4c56-a4d9-8b419655a754,Galway Film Fleadh,IE,Ireland,yes
cbcd6ddc-1900-4511-a6c1-ffa61243a343,Gaudí Awards,,,no
eaa92281-dbc2-48bb-8323-a888f49ae2ba,GAZE International LGBTQIA Film Festival,IE,Ireland,yes
618900b6-a300-4c45-8a18-36e2deff3fea,Geneva Film Festival,,,no
5adaaa7b-0916-4997-8f08-99b130ed66ed,German Film Critics Association Awards,DE,Germany,yes
077f8082-932a-4f05-a47b-c5b5f92eb566,Ghent Film Festival,BE,Belgium,yes
9f3b5545-c391-4e99-8ba7-4227ccc654b2,Giffoni Film Festival,IT,Italy,yes
c8b6ed49-720a-4e00-9eb4-c32c25712cd9,Gijón International Film Festival,,,no
77546e53-3439-4d59-b6a5-67435cd1b3dd,Gilde Filmpreis,,,no
143f22c2-bf63-46a4-8e9e-fcb0bc92888b,Glasgow Short Film Festival,GB,United Kingdom,yes
686d2fc4-26a4-4da5-861f-6132b22b021b,Go Short - International Short Film Festival Nijmegen,GB,United Kingdom,yes
5bb0bfaa-edb9-4a42-9cfe-e0999b7daa6b,Golden Globes (USA),,,no
716ce452-c9ea-450d-a7e2-d2715345f74b,Golden Horse Film Festival,,,no
3c4b73f2-46c6-4bda-8cf6-c43a71a154ac,Göteborg Film Festival,,,no
8aef4753-db80-4b72-80df-e5a3a5f18116,Gotham Awards,,,no
0828f789-2c90-4b11-8196-0be3df14f7aa,Goya Awards,,,no
79188bf6-8cf8-46d4-b23e-ad51aedefe35,Grenoble Outdoor Short Film Festival,FR,France,yes
32aea14f-c77c-48cc-840c-deeef3fa04ff,Guadalajara International Film Festival,MX,Mexico,yes
8ca7fb24-5508-4bd5-8cbd-4020694fbda6,Guanajuato International Film Festival,,,no
d5f5cf9c-c24c-46d6-bd04-4a4669db706f,Haifa International Film Festival,IL,Israel,yes
6929ba4d-38a5-463e-8a3f-b53932791a36,Hamburg Film Festival,DE,Germany,yes
b71e6e29-d7f4-421c-af55-b7b86ab24354,Havana Film Festival,CU,Cuba,yes
e92ac88b-4f61-4dcf-8e65-72c7513a2ba3,Hawaii International Film Festival,US,United States,yes
482d3ac5-e599-46c0-bf49-566ba282258d,Helsinki International Film Festival - Love & Anarchy,FI,Finland,yes
680e85d3-2c5a-4e0e-abca-a7c566d176bf,Highland Park Independent Film Festival,,,no
a811780f-ae9e-4cc1-b435-8bfc7dc6c2bb,Hiroshima International Animation Festival,JP,Japan,yes
7b1a59d1-23e3-46cd-8db1-e401e9e9acf5,Hof International Film Festival,,,no
06ebac5e-b426-40c6-9424-5650db8de0a1,Hollyshorts Film Festival,US,United States,yes
44114841-1122-45ea-a814-f3cb5ced0d1f,Hong Kong Asian Film Festival,HK,Hong Kong,yes
773af1db-ec4a-42a8-b78d-895c8948f4b0,Hong Kong International Film Festival,HK,Hong Kong,yes
8a75fdce-8f4a-48bb-a637-4bcdd77c70b3,Hot Docs Canadian International Documentary Festival,,,no
5070a2c0-eab8-48e8-87a4-5d7eebde65de,Huesca International Film Festival,,,no
6e801930-23c8-4761-8e75-973cb9eec16a,Human Rights Watch Film Festival,,,no
59c8e3b7-820d-4481-8c6c-3e0222f9d4c2,Images Festival,,,no
94c34599-a288-495c-bb25-55083e43b8f8,In the Palace International Short Film Festival,GB,United Kingdom,yes
b00327b1-82a0-42ca-8cae-fd6a39b51293,Independent Spirit Awards,,,no
b61fb1d2-d4a6-4c2e-9aa4-406480ec8702,Indie Memphis,,,no
8e82353e-1cdc-4178-b362-b28b3f955a09,IndieLisboa International Independent Film Festival,PT,Portugal,yes
9f477578-1cc2-4407-8f61-399e8a54b453,Indiewire Critics' Poll,,,no
e059600c-3a3f-4569-b917-55ae97e35d96,Inside Out Toronto LGBT Film Festival,CA,Canada,yes
b30103be-64ec-4188-b5f0-0c374277c17a,Interfilm International Short Film Festival Berlin,GB,United Kingdom,yes
52a4f0c3-42f3-403d-a4c8-239c4d5e86ef,International Documentary Film Festival Amsterdam,NL,Netherlands,yes
800a16d4-14e2-4266-a45b-9fa140ca5d00,International Festival Signs of the Night,,,no
e1319420-90e1-4227-b132-96b0bb8ec653,International Film Festival Rotterdam,NL,Netherlands,yes
22feea1f-b447-4d15-8f45-ff8058b78944,International Film Gala London,GB,United Kingdom,yes
46e88a58-4f8b-4660-8115-cd1c90a01832,Internationale Kurzfilmtage Winterthur,DE,Germany,yes
18543257-d858-49b7-b1fe-33f4879e8438,Intersección – A Coruña International Film Festival,,,no
a400d922-974b-463a-86ed-c25a02c237d7,Iris Prize LGBTQ+ Film Festival,GB,United Kingdom,yes
27342f0b-85ea-4fd8-9c2a-e5980c01a382,Irish Film and Television Awards,IE,Ireland,yes
6f9dbac1-9c92-4e8a-bf3d-69952c362520,Istanbul Film Festival,TR,Turkey,yes
44c36dbb-28f2-4664-9890-3b9114fe984f,It's All True - International Documentary Festival,,,no
4c8bcc66-2cf2-4a5b-9fe5-13bfb1b54228,Italian National Syndicate of Film Journalists,IT,Italy,yes
fcc73609-b2a0-4837-bdb7-57d041fc369a,Izmir Short Film Festival,,,no
d7a924da-4f3a-47de-89ea-8e20dae9c0f7,Jecheon International Music & Film Festival,,,no
f922c429-15a9-4cde-8d24-d8f8b261c5ab,Jeonju International Film Festival,,,no
2110cc42-f3de-4279-a8dd-2ff2fabc28d2,Jerusalem Film Festival,IL,Israel,yes
e871736f-8498-4ef3-bcec-83c111ee6173,Ji.hlava International Documentary Film Festival,,,no
9b23e50e-8192-4350-8729-f4f3573816d6,Jogja-Netpac Asian Film Festival,,,no
1ee6c744-8b86-4ef1-91a0-26fefb40e79d,Kaboom Animation Festival,NL,Netherlands,yes
e6c1f0ca-f186-4415-bcce-e02b37505f98,Kaohsiung Film Festival,,,no
9e40f4c6-2d66-4982-b5d4-ed671c9e57ba,Karlovy Vary International Film Festival,CZ,Czechia,yes
e190b715-f6d7-4629-accc-aac990cb48f1,Kassel Documentary Film and Video Festival,DE,Germany,yes
47c0659c-abce-4586-91c0-208e5c8d8ae5,Kinema Junpo Awards,,,no
123995a1-bcdf-4cbc-a5ff-5293a5b963d8,Krakow Film Festival,PL,Poland,yes
926359bf-7ac6-4191-9cb6-2e0c7a782632,Kurzfilm Festival Hamburg,DE,Germany,yes
952b7b72-e5af-46b0-8441-bfccbf06d7bc,La Plata International Independent Film Festival - FestiFreak,,,no
32ff9b23-ec89-4495-a05a-6c8454186f07,LA Shorts International Film Festival,US,United States,yes
4ab4f807-0c77-4fa2-b6e2-a023981bc876,Lago Film Fest,,,no
ad4d19fa-0b05-4354-8404-540ba3db1162,Landshut Short Film Festival,DE,Germany,yes
f1ffb417-a8d2-40ef-bae7-f8462184d847,Las Palmas Film Festival,,,no
d4583821-73c9-45e6-942a-c6a31055fd34,Lausanne Underground Film Festival,,,no
cef5bbaf-9a0f-44b5-a6bd-1b13b15755ca,Lebu International Film Festival,,,no
ed3bc33a-945e-4809-a1bf-bdef82279774,Leeds International Film Festival,GB,United Kingdom,yes
d5bccb93-be31-4bcc-b25f-d7b970905459,Leiden International Film Festival,,,no
b0920d1f-0a13-464a-bd81-a88df4241961,Leiden Shorts,,,no
f634d43f-4392-4163-81ef-eb08b0dbb556,LesGaiCineMad,,,no
211028d1-77a0-4eda-bb48-557f4558ee96,Lima Alterna International Film Festival,,,no
443c2f1c-1228-46ff-a155-5eb142ed0d48,Locarno International Film Festival,CH,Switzerland,yes
c3eea90e-0ceb-42b1-aa1d-d8e807f12490,London Critics Circle Film Awards,GB,United Kingdom,yes
aa98390d-0756-4ebb-a03b-30d0ef2a44d3,London Short Film Festival,GB,United Kingdom,yes
717c78de-0f05-45e8-95a9-4a67483e263c,Los Angeles Asian Pacific Film Festival - VC Film Fest,US,United States,yes
6d3b5d7f-c707-46f4-8afd-a21ac8ee13b8,Los Angeles Film Critics Association Awards,US,United States,yes
05f04860-2ef7-4084-bbd4-ecca1a4b1ec5,Los Angeles Film Festival,US,United States,yes
04339e2b-b6da-46f7-b73f-fc1dedd2cc2d,Lovers Film Festival,,,no
caea3a43-1dcb-4ebc-892a-5eee1b1cc152,Lübeck Nordic Film Days,NO,Norway,yes
cb7e18dc-1094-4b11-a116-b73b9d07e36d,Lumiere Awards,,,no
36ee28dd-73b7-4207-8ee3-20c919af83bb,Magritte Awards,,,no
814e96f8-162c-427e-b289-debc72c9c6c5,Mammoth Lakes Film Festival,,,no
9cd90823-9941-458d-88fd-6097dd86652e,Mar del Plata International Film Festival,,,no
bbd03bae-e123-428d-bf3a-2ff853a9718a,Mardi Gras Film Festival,,,no
3fb99bd6-91a9-4b2b-8399-40d7f5929e91,Maryland Film Festival,US,United States,yes
28b0305e-0706-4af4-b1c5-613f7c8a7992,Media City Film Festival,,,no
cc620daf-bf26-464c-b3d4-c0667cc29dd8,Melbourne International Film Festival,AU,Australia,yes
1488828f-675f-448f-89c7-c5d092f9bf87,Message to Man International Film Festival,,,no
979c5b07-e9ed-413e-8c47-036b4dbe37aa,Miami International Film Festival,,,no
d149a6e5-bc2b-45aa-a050-c37aded2e259,Milan Film Festival,IT,Italy,yes
ef5a60f0-d5e9-4c2c-8722-0c1078ab1c7b,Mill Valley Film Festival,,,no
87680f79-54e7-45c8-8301-3f0d92f70d7b,Milwaukee International Film Festival,,,no
091df164-6e34-4307-a522-242ba73940c6,Minikino Film Week - Bali International Short Film Festival,GB,United Kingdom,yes
2d02ecbd-09a3-475d-aac8-00fe70679f0a,Minimalen Short Film Festival,,,no
d198eace-dea7-457e-a44f-7f7dc318c4de,Mix Brasil,,,no
13f03611-f8b0-4d80-83b1-78b8902dff3e,MIX Copenhagen LGBTQ+ Film Festival,DK,Denmark,yes
38e55f63-b5bb-435e-b38a-5bc33e936a6f,Montclair Film Festival,,,no
a0740e4e-5e4b-4a8b-b3bb-d676319450c6,Montpellier Mediterranean Film Festival,,,no
1bb27e73-d7af-47e5-ba01-1b14dfdaf69e,Montreal International Documentary Festival,CA,Canada,yes
7d372bee-22ca-48bb-8a7f-71914c86f634,Moscow International Film Festival,RU,Russia,yes
d8efcc7f-a873-440c-8010-f86f5e45efb9,Movies that Matter Festival,,,no
be0d158a-12c9-4587-92f8-e7e4cac8705d,Mumbai Film Festival,IN,India,yes
0a0671f6-1d7d-4141-b5a3-1b7078f9d342,Mumbai International Film Festival,IN,India,yes
fab6ae19-d43d-4f50-b05d-04844d6bffcc,Munich Film Festival,DE,Germany,yes
84f10b66-70f8-4d74-be25-00889a0df463,National Board of Review,,,no
2d19731a-2de6-4232-b08c-3646aa0c25bc,National Society of Film Critics Awards,,,no
821cbb2b-926d-473a-a6dc-d123e9611910,Nederlands Film Festival,,,no
cc99f31b-9322-458e-b317-7922cf5a7497,Neuchâtel International Fantastic Film Festival,,,no
2bd2a2e0-db60-4187-9949-59d5beccf862,New Directors New Films,,,no
d56445a2-9980-4d05-a476-7ae77bc760bc,New Horizons International Film Festival,PL,Poland,yes
46f4a1f6-60b5-4880-88a1-adf8fb4181dc,New York Film Critics,GB,United Kingdom,yes
08c26984-68ae-485c-b2a0-1bcfe4cf8317,New York Film Festival,US,United States,yes
2fc3e1f4-32e1-4de4-961a-7dccdb9de26c,New Zealand International Film Festival,NZ,New Zealand,yes
f876f5e1-a918-4cee-90a2-ae90ca158372,NewFest - The New York LGBTQ+ Film Festival,US,United States,yes
268056ee-8078-4505-bed3-c80ccdc8f388,Newport Beach Film Festival,,,no
330f4ba3-45f5-4c7a-988f-6a8965fa59cf,Nordic International Film Festival,NO,Norway,yes
b7943d2c-6563-40a9-9729-c2d73845dfc6,Nordisk Panorama,NO,Norway,yes
aed10c10-d06a-4e41-9c98-f1b3b94f1565,Norwegian International Film Festival,NO,Norway,yes
be660a6c-ec85-4587-a93b-743dc85839dc,Norwich Film Festival,GB,United Kingdom,yes
87f6b640-d7cd-4846-84ce-0133347553e2,Not Film Festival,,,no
878a492a-c8ca-4e6f-a8e3-cbc77d490627,Oberhausen International Short Film Festival,GB,United Kingdom,yes
3e6459aa-c4b6-4833-b0ae-20f13be893e9,OFF - Odense International Film Festival,DK,Denmark,yes
203c3705-701d-404b-b189-44da71eb3f11,Off-Courts Trouville,BE,Belgium,yes
2fa54d17-6020-4966-bd5b-ea1bb1e564cc,Ojai Film Festival,,,no
9aa891f8-8b20-4cd9-a4cf-154cb1fa4651,Oldenburg Film Festival,,,no
ab4641f5-67ab-4325-99fa-b2ca92df849b,Olhar de Cinema - Curitiba International Film Festival,,,no
3d28d8de-09ab-43ff-9b0c-c820466ec942,Open City Documentary Festival,GB,United Kingdom,yes
3b644828-e45d-4a77-b9f5-fe50be25d866,Oslo/Fusion International Film Festival,NO,Norway,yes
6e112357-f184-4c5d-9d98-0cf05ff9d4b4,Ottawa International Animation Festival,CA,Canada,yes
9c793729-fe88-4d8d-b07d-80294e75dc40,Out on Film,,,no
78eab556-1989-48bf-b836-d9189cecdc33,Outfest: Los Angeles Gay & Lesbian Film Festival,US,United States,yes
82588f8a-b4ef-4e04-8360-d5f5d04df348,OUTshine LGBTQ+ Film Festival: Miami Edition,,,no
f2a0cf8e-1a65-4d84-822f-9f8750aea254,Oxford Film Festival,GB,United Kingdom,yes
3e3fae91-099b-48db-87a1-c1ed045c4757,Palm Springs International Film Festival,US,United States,yes
4b25bf6f-2476-4ad6-896e-154990565b1c,Palm Springs International ShortFest,US,United States,yes
ed156752-e001-4980-8d1a-1a9c826aff49,Passaggi d'Autore,,,no
1b9815e1-15ed-4f9a-a397-abf586686d94,Pesaro International Festival of New Cinema,,,no
7b8f45f3-1fd9-4aec-a5f3-329f69910678,Philadelphia Film Festival,US,United States,yes
d80b2b79-9f7b-4dcc-bcf5-9b0b6a2f1e9c,Pink Screens,,,no
286b3db9-c240-44ff-89da-c6b1a52c3130,Polish Film Awards,PL,Poland,yes
1fbbbf7e-8b77-4e47-9a6a-345ce92420af,Porto/Post/Doc,PT,Portugal,yes
9c39b177-9fe6-43b1-8b61-4b62b7dc1258,Prismatic Ground,,,no
a4fcea7c-ddbe-4354-9660-a6397b721efc,Provincetown International Film Festival,,,no
ecc2a9c6-2d4a-4e59-a4ca-ae3552926024,QCinema – Quezon City International Film Festival,,,no
351422a2-c022-4485-afe4-a364dec74664,Que du Feu,,,no
84e698d4-1d79-47d3-b8fb-5a5f48116b7b,Queer Lisboa,,,no
d043e870-666b-423c-9289-ff076d323448,Quirino Awards,,,no
5f88672d-a0b1-4fe7-b319-0737ae7f3be8,Raindance Film Festival,GB,United Kingdom,yes
cf1551ef-5102-4527-9444-b150c4c049fc,Regent Park Film Festival,,,no
6562296b-78ec-424c-9ffa-722a2c5b4476,Rendez-vous Québec Cinéma,,,no
8747ef07-62c4-4b18-88a6-de484de9a8aa,Reykjavik International Film Festival,IS,Iceland,yes
ac3b41b5-44a0-4be7-b501-777aca0f9050,Rhode Island International Film Festival,US,United States,yes
62e2f693-1715-4d86-acbf-c78834cf6439,Riga International Film Festival,LV,Latvia,yes
d28a86ec-9965-4f33-bd8d-9e2cf044d37c,Rio de Janeiro International Film Festival,BR,Brazil,yes
272914f3-a0a9-4451-921f-c4b4d9a70d77,RiverRun International Film Festival,,,no
a2e08710-0a18-4306-a4c9-7e8259a9bfec,Rome Film Festival,IT,Italy,yes
9af38426-2544-45df-9354-0ca1ab2a0fe7,Rome Independent Film Festival,IT,Italy,yes
bb268553-279f-4436-917a-4abb9e423322,Rooftop Films Summer Series,,,no
5786d75e-9676-4d7f-88f0-92871d8eb874,San Diego Asian Film Festival,,,no
4bb24137-c4da-47c1-bce7-93b324b3064c,San Diego International Film Festival,,,no
9853917f-da46-4267-a97a-b1d1e628f129,San Diego Underground Film Festival,,,no
89aed9e2-fc80-4a77-bbf5-f9510f2b3cc7,San Francisco IndieFest,US,United States,yes
97fa597d-d905-4fa0-bdb7-c184a0f8cd87,San Francisco International Film Festival,US,United States,yes
a9197968-7046-4eca-a89b-9d9417577252,San Jose International Short Film Festival,GB,United Kingdom,yes
ccb9d245-0138-4f82-8257-20ef768bbb91,San Sebastián International Film Festival,,,no
904424e7-9ae6-474f-b75f-00eeceebe9c9,Santa Barbara International Film Festival,,,no
8b9b66c5-0118-4af1-85dd-2ad47b7a7351,Santa Fe International Film Festival,,,no
e08a1aec-0add-4852-8016-8a0cb04abe46,São Paulo International Film Festival,,,no
204f5ae3-b887-4ed1-b8f0-022cde56bf2a,São Paulo International Short Film Festival – Curta Kinoforum,GB,United Kingdom,yes
4eca5c64-5274-472d-b651-ee18f5030301,Sarajevo Film Festival,BA,Bosnia and Herzegovina,yes
9c5ea7f1-b362-43dd-8daa-5a8b6d9f02df,Sarasota Film Festival,,,no
01e83369-8cde-44dd-9637-478863260918,Screen Actors Guild Awards,,,no
0295a925-1e8a-4da2-a2d3-195d3d95bf4e,Seattle International Film Festival,US,United States,yes
da8778de-8df5-4ea3-956f-4d2b91fe24e1,Seattle Queer Film Festival,US,United States,yes
3ecef136-8bdc-42b9-a095-99db11eddd7a,SESC Film Festival,,,no
298a62f3-41fd-4d3b-aa54-7d1a58aca620,Seville European Film Festival,,,no
65d3650d-6ec3-4dbf-99ff-087be35c5f05,Shanghai International Film Festival,CN,China,yes
6f4c5ee9-48cd-4828-88b6-a7d01470aff7,Sheffield International Documentary Festival,GB,United Kingdom,yes
008114b5-2ba8-4ce4-83f1-e4f243655dbc,Short Shorts Film Festival & Asia,JP,Japan,yes
feb87863-d3b0-4ba1-ae0c-156ac33f9fb3,Short Waves Festival,,,no
5697eab2-6a52-4ab7-aa9a-ec2c16e95507,ShorTS International Film Festival,US,United States,yes
88e0b000-06f6-43ae-a5d8-da6c66531fe8,Shorts México,,,no
d5ff4bc0-e4f5-4f55-8636-9164cb970254,Show Me Shorts Film Festival,NZ,New Zealand,yes
c49beabc-868d-45be-b7c0-10b2e5e04e73,Sicilia Queer filmfest,,,no
5f716926-e114-4079-b8cd-194ca9278367,Singapore International Film Festival,SG,Singapore,yes
bc808d7e-ef13-4316-959c-afb53365eeec,Sitges - Catalonian International Film Festival,ES,Spain,yes
4dbb5715-1ce8-4466-8cf0-0876b6523e68,Slamdance Film Festival,US,United States,yes
56839e46-c045-45dd-9180-08474bfffcf0,Slash Film Festival,,,no
11449e75-82c1-4ce0-81f0-9be466ab3e95,Solothurn Film Festival,,,no
7ae43ce4-7f3b-4b34-a4f2-56a1dceffe51,Sophia Awards,,,no
ea2953c7-6199-4aec-aa75-485b2d652e4d,Stockholm International Film Festival,SE,Sweden,yes
10ed083f-60f8-49a6-8e5d-8c5995fba411,Sundance Film Festival,US,United States,yes
8c9228a8-f654-4242-93eb-33d017374213,Swiss Film Award,CH,Switzerland,yes
2e4f6ca8-1369-4040-ad02-5a92546c5c23,SXSW Film Festival,US,United States,yes
cccec34e-4174-44a2-b188-f062fffb607f,SXSW Sydney Screen Festival,US,United States,yes
681ae1a2-b629-42e3-86bf-63927f3d152a,Sydney Film Festival,AU,Australia,yes
3bae6c12-78f9-4a9e-a950-cadcbb5aaedd,Tacoma Film Festival,,,no
100aba6d-8e6a-477f-8439-f1e41c2d34b4,Taipei Film Festival,TW,Taiwan,yes
03cc45da-2322-4347-8e4c-c47bd4d7dc8d,Taiwan International Documentary Festival,,,no
498faf73-44c0-45b8-8381-b987658ffad8,Tallinn Black Nights Film Festival,EE,Estonia,yes
274e84af-673b-4efd-832c-66e053a7df06,Tampere Film Festival,FI,Finland,yes
505f39f4-df15-4f28-ab90-6e17968fcab1,Telluride Film Festival,US,United States,yes
8ae429bc-4b3d-4bda-8246-c4df675c531c,Thessaloniki Documentary Festival,GR,Greece,yes
a6336128-fb38-4512-ac23-17bcab17e18d,Thessaloniki Film Festival,GR,Greece,yes
52b22bf0-3984-4c17-be37-59c472ffb2dc,Tiradentes Film Festival,,,no
f3a3bb17-225d-4c3c-9e70-5124a33b3882,Tirana International Film Festival,,,no
7a2fef42-25f2-47e5-ad9e-6d9b4b12da2e,Tokyo International Film Festival,JP,Japan,yes
3b555fb5-2dc9-4f96-821b-61f3caeeedfd,Torino Film Festival,,,no
4c71f69b-54a4-4aab-bcc3-7e115fe57ba5,Toronto International Film Festival,CA,Canada,yes
c8bc0605-4351-4a9c-adf9-46e67eae7504,Toronto Reel Asian Film Festival,CA,Canada,yes
638567d2-7221-40f5-8e91-50660bf80581,Transilvania International Film Festival,RO,Romania,yes
6c02ae13-4367-4363-8ae2-b82ca270926b,Tribeca Film Festival,US,United States,yes
f4beee5f-769b-43f8-ab2d-f8fa2e46f5e6,Trieste Film Festival,,,no
e9be9a55-d272-48be-b907-0c36ba1eb84f,Tromsø International Film Festival,,,no
1274578d-5e52-4424-b06b-0c408ff82462,True/False Film Festival,,,no
9a69f4ca-e88f-4fa3-a206-bfd7d103e0fd,Underdox,,,no
6cc83b50-40e7-4510-994b-f1268fc14281,Uppsala Short Film Festival,SE,Sweden,yes
5d5dabe0-ab8c-4709-8528-1ae4cca590f8,Valdivia International Film Festival,CL,Chile,yes
434046ac-a1ca-497d-91e7-1a96fb386bcd,Valladolid International Film Festival,,,no
304fa875-edfb-4868-9ca9-94685bcdb9c9,Vancouver Film Critics Circle,CA,Canada,yes
abe7d21d-7ed1-46b9-9d1b-37e2fe89a679,Vancouver International Film Festival,CA,Canada,yes
ebcfcf7a-33d4-481e-97a2-b64e332b4202,Venezia Shorts Italy,,,no
84a5884a-01f0-4750-a71b-3b97c1cd6484,Venice Film Festival,IT,Italy,yes
e8bbbc2c-53bf-4f55-8226-eca30e58832f,Videoex Experimental Film & Video Festival,,,no
c0f37464-8b3e-4277-bca0-dc24226bca48,Vienna Shorts,AT,Austria,yes
ae4bbe3e-bf21-4591-81c3-fcd8f5c85638,Viennale,AT,Austria,yes
d6664e8c-68b8-46c8-a64e-8f0a4da1a8bb,Vilnius International Film Festival (Kino Pavasaris),LT,Lithuania,yes
366798ea-41e4-423f-b039-f356b22e2de5,Visions du Réel,,,no
1c11497f-25a2-412b-b580-f86fa3f27017,Warsaw International Film Festival,PL,Poland,yes
3f7792ff-ed38-4913-972c-d01e90d92c27,Watch Docs – Human Rights in Film International Film Festival,,,no
0d92e5a9-4bcf-4670-a3e2-3611a48231c2,Whistler Film Festival,,,no
908e93ed-b250-4d5b-ace9-430baaebc3d1,Wicked Queer Boston's LGBTQ Film Festival,,,no
54521142-5d7d-4c9e-9c59-da2e7e36f4e3,Xposed Queer Film Festival Berlin,DE,Germany,yes
6d687cf6-c417-4933-9a6f-ebf5ee14a0ef,Yamagata International Documentary Film Festival,,,no
e5d150a0-c4d4-488c-8c7d-4447ce940b73,ZagrebDox International Documentary Film Festival,HR,Croatia,yes
1546e00c-5ebf-4d87-b28d-1cb50c7aa8d8,Zurich Film Festival,CH,Switzerland,yes
